Date,Open,High,Low,Close,Adj Close,Volume
12/30/2022,83.12,84.05,82.47,84,84,"62,401,200"
12/29/2022,82.87,84.55,82.55,84.18,84.18,"54,995,900"
12/28/2022,82.8,83.48,81.69,81.82,81.82,"58,228,600"
12/27/2022,84.97,85.35,83,83.04,83.04,"57,284,000"
12/23/2022,83.25,85.78,82.93,85.25,85.25,"57,433,700"
12/22/2022,85.52,85.68,82.25,83.79,83.79,"81,431,300"
12/21/2022,86.18,87.23,85.21,86.77,86.77,"59,267,200"
12/20/2022,85.33,86.61,84.33,85.19,85.19,"74,348,300"
12/19/2022,87.51,87.63,84.51,84.92,84.92,"83,531,500"
12/16/2022,88.27,89.35,86.73,87.86,87.86,"146,144,100"
12/15/2022,89.89,89.97,87.47,88.45,88.45,"84,802,900"
12/14/2022,92.5,93.46,89.87,91.58,91.58,"70,298,000"
12/13/2022,95.23,96.25,90.52,92.49,92.49,"100,212,000"
12/12/2022,89.21,90.58,87.87,90.55,90.55,"61,999,800"
12/9/2022,88.9,90.3,88.63,89.09,89.09,"67,398,500"
12/8/2022,89.24,90.86,87.88,90.35,90.35,"73,305,900"
12/7/2022,88.34,89.89,87.48,88.46,88.46,"68,086,900"
12/6/2022,90.5,91.04,87.9,88.25,88.25,"75,503,600"
12/5/2022,93.05,94.06,90.82,91.01,91.01,"71,535,500"
12/2/2022,94.48,95.36,93.78,94.13,94.13,"72,496,400"
12/1/2022,96.99,97.23,94.92,95.5,95.5,"68,488,000"
11/30/2022,92.47,96.54,91.53,96.54,96.54,"102,805,800"
11/29/2022,94.04,94.41,91.44,92.42,92.42,"65,567,300"
11/28/2022,93.93,96.4,93.43,93.95,93.95,"74,943,100"
11/25/2022,93.79,94.43,93.07,93.41,93.41,"35,088,600"
11/23/2022,93.24,94.58,92.83,94.13,94.13,"59,414,700"
11/22/2022,92.62,93.35,90.87,93.2,93.2,"62,192,000"
11/21/2022,93.97,95.02,90.59,92.46,92.46,"84,330,300"
11/18/2022,95.95,95.99,92.48,94.14,94.14,"72,428,200"
11/17/2022,95.37,96.97,94.03,94.85,94.85,"82,617,900"
11/16/2022,96.85,98.49,95.54,97.12,97.12,"87,958,800"
11/15/2022,103.21,103.79,97.34,98.94,98.94,"111,336,300"
11/14/2022,98.77,100.12,97.29,98.49,98.49,"99,533,100"
11/11/2022,97.88,101.19,96.66,100.79,100.79,"111,590,500"
11/10/2022,92.94,98.69,91.65,96.63,96.63,"173,414,900"
11/9/2022,89.47,89.48,85.87,86.14,86.14,"90,796,200"
11/8/2022,90.79,91.72,88.23,89.98,89.98,"88,703,400"
11/7/2022,91.95,92.1,89.04,90.53,90.53,"77,495,700"
11/4/2022,91.49,92.44,88.04,90.98,90.98,"129,101,300"
11/3/2022,92.47,93.5,89.02,89.3,89.3,"136,683,300"
11/2/2022,97.32,97.74,92.01,92.12,92.12,"135,761,800"
11/1/2022,103.99,104.58,96.06,96.79,96.79,"153,370,000"
10/31/2022,103.56,104.87,100.74,102.44,102.44,"99,251,400"
10/28/2022,97.91,103.96,97.66,103.41,103.41,"223,133,400"
10/27/2022,113.92,114.12,109.77,110.96,110.96,"129,605,400"
10/26/2022,116,119.35,114.76,115.66,115.66,"68,802,300"
10/25/2022,119.65,121.32,118.95,120.6,120.6,"50,934,600"
10/24/2022,119.98,120.39,116.57,119.82,119.82,"49,531,500"
10/21/2022,114.79,119.59,114.5,119.32,119.32,"55,660,500"
10/20/2022,113.83,118.24,113.51,115.25,115.25,"48,795,100"
10/19/2022,114.71,116.59,113.22,115.07,115.07,"47,198,100"
10/18/2022,119.06,119.52,114.79,116.36,116.36,"65,607,400"
10/17/2022,110.11,114.19,110.09,113.79,113.79,"62,782,000"
10/14/2022,114.1,114.96,106.6,106.9,106.9,"67,737,300"
10/13/2022,107.88,113.44,105.35,112.53,112.53,"86,868,100"
10/12/2022,112.49,113.83,111.4,112.9,112.9,"45,728,700"
10/11/2022,112.71,115.48,110.39,112.21,112.21,"56,432,200"
10/10/2022,115.1,116.25,112.43,113.67,113.67,"42,339,700"
10/7/2022,118,118.17,113.88,114.56,114.56,"54,678,000"
10/6/2022,120.77,121.53,119.5,120.3,120.3,"42,253,800"
10/5/2022,118.58,121.75,117.69,120.95,120.95,"48,217,500"
10/4/2022,119.89,123,119.79,121.09,121.09,"62,812,600"
10/3/2022,113.58,116.91,112.45,115.88,115.88,"50,941,900"
9/30/2022,114.08,116.92,112.84,113,113,"59,479,600"
9/29/2022,115.6,116.07,113.06,114.8,114.8,"58,969,700"
9/28/2022,114.38,118.7,113.8,118.01,118.01,"55,763,800"
9/27/2022,117.2,118.32,113.05,114.41,114.41,"60,094,700"
9/26/2022,113.3,117.34,113.13,115.15,115.15,"62,723,300"
9/23/2022,116,116.05,112.06,113.78,113.78,"65,126,700"
9/22/2022,117.08,118.79,116.26,117.31,117.31,"55,229,200"
9/21/2022,122.49,123.76,118.45,118.54,118.54,"58,498,900"
9/20/2022,123.35,124.4,121.14,122.19,122.19,"47,698,400"
9/19/2022,122.16,124.71,121.8,124.66,124.66,"47,279,700"
9/16/2022,122.78,123.87,120.7,123.53,123.53,"115,667,800"
9/15/2022,127.38,130.37,125.5,126.28,126.28,"52,887,200"
9/14/2022,127.36,128.84,126.33,128.55,128.55,"45,316,800"
9/13/2022,131.01,131.4,126.27,126.82,126.82,"72,694,000"
9/12/2022,134.1,136.49,134,136.45,136.45,"53,826,900"
9/9/2022,130.91,133.69,130.76,133.27,133.27,"49,387,600"
9/8/2022,127.72,130.28,127.1,129.82,129.82,"43,988,500"
9/7/2022,126.12,129.82,125.4,129.48,129.48,"47,900,300"
9/6/2022,127.92,128.62,124.74,126.11,126.11,"43,888,600"
9/2/2022,129.5,131.38,126.39,127.51,127.51,"57,429,800"
9/1/2022,126,128.02,123.66,127.82,127.82,"56,636,100"
8/31/2022,129.45,130.59,126.74,126.77,126.77,"53,648,700"
8/30/2022,131.25,132.07,126.85,128.73,128.73,"49,203,000"
8/29/2022,129.9,131.95,128.77,129.79,129.79,"48,101,600"
8/26/2022,136.55,137.83,130.5,130.75,130.75,"53,322,700"
8/25/2022,135.26,137.42,134.28,137.28,137.28,"37,496,300"
8/24/2022,132.75,135.47,132.1,133.8,133.8,"38,627,000"
8/23/2022,133.41,134.99,132.95,133.62,133.62,"36,252,100"
8/22/2022,135.72,136.32,132.85,133.22,133.22,"50,461,500"
8/19/2022,140.47,141.11,137.91,138.23,138.23,"47,792,800"
8/18/2022,141.32,142.77,140.38,142.3,142.3,"37,458,700"
8/17/2022,142.69,143.38,140.78,142.1,142.1,"48,149,800"
8/16/2022,143.91,146.57,142,144.78,144.78,"59,102,900"
8/15/2022,142.8,143.76,141.49,143.18,143.18,"39,014,600"
8/12/2022,142.05,143.57,140.12,143.55,143.55,"47,643,500"
8/11/2022,143.86,144.49,139.76,140.64,140.64,"44,867,300"
8/10/2022,142.9,144.6,141.01,142.69,142.69,"54,773,800"
8/9/2022,138.05,138.95,136.21,137.83,137.83,"40,434,700"
8/8/2022,142.05,144.23,138.29,139.41,139.41,"52,229,000"
8/5/2022,140.1,142.86,139.6,140.8,140.8,"50,686,900"
8/4/2022,140.58,143.56,139.55,142.57,142.57,"70,585,000"
8/3/2022,136.21,140.49,136.05,139.52,139.52,"71,827,800"
8/2/2022,134.72,137.44,134.09,134.16,134.16,"61,922,400"
8/1/2022,134.96,138.83,133.51,135.39,135.39,"76,846,900"
7/29/2022,134.9,137.65,132.41,134.95,134.95,"148,892,900"
7/28/2022,121.57,122.84,118.08,122.28,122.28,"82,245,500"
7/27/2022,117.31,121.9,117.16,120.97,120.97,"61,582,000"
7/26/2022,115.79,118.15,114.53,114.81,114.81,"67,075,100"
7/25/2022,122.7,123.64,120.03,121.14,121.14,"50,221,300"
7/22/2022,125.01,125.5,121.35,122.42,122.42,"51,463,800"
7/21/2022,123.2,124.85,121.26,124.63,124.63,"60,239,900"
7/20/2022,118.62,123.48,118.32,122.77,122.77,"71,268,300"
7/19/2022,115.7,118.95,114.03,118.21,118.21,"60,990,000"
7/18/2022,115,117.24,113.15,113.76,113.76,"59,115,400"
7/15/2022,112.5,115.59,111.59,113.55,113.55,"84,317,800"
7/14/2022,110.24,111.18,107.58,110.63,110.63,"51,163,100"
7/13/2022,107.03,111.78,106.01,110.4,110.4,"61,353,800"
7/12/2022,112.16,113.23,108.34,109.22,109.22,"54,280,300"
7/11/2022,114.08,114.3,110.87,111.75,111.75,"53,487,600"
7/8/2022,114.6,116.58,113.69,115.54,115.54,"45,719,700"
7/7/2022,113.85,116.99,113.49,116.33,116.33,"57,872,300"
7/6/2022,113.21,115.48,112.01,114.33,114.33,"66,958,900"
7/5/2022,107.6,114.08,106.32,113.5,113.5,"76,583,700"
7/1/2022,106.29,109.75,105.85,109.56,109.56,"73,021,200"
6/30/2022,108.11,108.18,102.52,106.21,106.21,"97,679,400"
6/29/2022,107.38,110.99,106.91,108.92,108.92,"66,375,300"
6/28/2022,113.5,114.85,107.04,107.4,107.4,"74,942,900"
6/27/2022,117.09,117.98,112.7,113.22,113.22,"62,133,200"
6/24/2022,112.38,116.71,111.43,116.46,116.46,"69,867,600"
6/23/2022,110.39,113,107.93,112.44,112.44,"64,345,300"
6/22/2022,107.43,112.13,107.02,108.95,108.95,"60,040,100"
6/21/2022,108.2,111.63,103.56,108.68,108.68,"70,901,200"
6/17/2022,102.8,106.98,102.51,106.22,106.22,"99,772,100"
6/16/2022,104.47,104.58,102.01,103.66,103.66,"82,186,300"
6/15/2022,103.86,109.06,103.53,107.67,107.67,"85,011,100"
6/14/2022,104.19,104.88,101.43,102.31,102.31,"69,728,800"
6/13/2022,104.19,106.54,101.86,103.67,103.67,"99,277,700"
6/10/2022,113.42,114.5,109.05,109.65,109.65,"87,266,000"
6/9/2022,119.99,121.3,116.1,116.15,116.15,"67,029,800"
6/8/2022,122.61,123.75,120.75,121.18,121.18,"64,926,600"
6/7/2022,122.01,124.1,120.63,123,123,"85,156,700"
6/6/2022,20:1 Stock Splits,,,,,
6/6/2022,125.25,128.99,123.81,124.79,124.79,"135,269,000"
6/3/2022,124.2,124.4,121.05,122.35,122.35,"97,604,000"
6/2/2022,121.68,125.61,120.04,125.51,125.51,"100,560,000"
6/1/2022,122.26,125.18,120.62,121.68,121.68,"127,528,000"
5/31/2022,116.28,121.99,115.68,120.21,120.21,"144,634,000"
5/27/2022,113.55,115.19,112.63,115.15,115.15,"93,660,000"
5/26/2022,107.97,112.67,107.45,111.08,111.08,"93,002,000"
5/25/2022,103.66,108.18,103.65,106.78,106.78,"93,120,000"
5/24/2022,104.03,105.4,101.26,104.1,104.1,"102,934,000"
5/23/2022,108.46,108.82,103.95,107.56,107.56,"107,798,000"
5/20/2022,109.57,109.9,105.01,107.59,107.59,"99,500,000"
5/19/2022,106.28,110.03,106.19,107.32,107.32,"88,142,000"
5/18/2022,111.44,112.85,106.25,107.11,107.11,"108,380,000"
5/17/2022,113.28,115.8,111.28,115.37,115.37,"76,448,000"
5/16/2022,113.1,113.99,110.35,110.81,110.81,"74,566,000"
5/13/2022,109.07,113.18,107.8,113.06,113.06,"93,684,000"
5/12/2022,102.75,110.78,102.41,106.93,106.93,"132,026,000"
5/11/2022,108.1,110.16,104.43,105.37,105.37,"109,704,000"
5/10/2022,111.25,112.64,107.17,108.86,108.86,"105,434,000"
5/9/2022,111.31,114,107.96,108.79,108.79,"128,124,000"
5/6/2022,114.85,119.05,113.08,114.77,114.77,"124,260,000"
5/5/2022,123,123.5,115.07,116.41,116.41,"144,392,000"
5/4/2022,123.6,126,119.18,125.93,125.93,"110,746,000"
5/3/2022,124.05,126.22,122.82,124.25,124.25,"79,134,000"
5/2/2022,122.4,124.67,118.38,124.5,124.5,"148,788,000"
4/29/2022,129.85,130.76,121.63,124.28,124.28,"272,662,000"
4/28/2022,142.18,145.94,140.3,144.6,144.6,"117,316,000"
4/27/2022,140.19,141.95,135.78,138.17,138.17,"71,336,000"
4/26/2022,144.8,144.86,138.93,139.39,139.39,"77,530,000"
4/25/2022,144.02,146.22,142.31,146.07,146.07,"61,874,000"
4/22/2022,148.25,149.62,143.7,144.35,144.35,"73,078,000"
4/21/2022,154.71,156.74,147.59,148.3,148.3,"63,970,000"
4/20/2022,157.6,157.6,153.6,154,154,"59,630,000"
4/19/2022,152.03,158.65,151.55,158.12,158.12,"54,926,000"
4/18/2022,151.52,154.04,150.25,152.79,152.79,"46,514,000"
4/14/2022,155.39,155.9,151.47,151.71,151.71,"51,598,000"
4/13/2022,150.02,156.02,149.6,155.54,155.54,"53,390,000"
4/12/2022,153.69,155.1,150.38,150.79,150.79,"55,178,000"
4/11/2022,152.71,154.14,150.53,151.12,151.12,"52,112,000"
4/8/2022,156.75,157.37,154.23,154.46,154.46,"46,002,000"
4/7/2022,158.4,160.08,154.51,157.78,157.78,"68,136,000"
4/6/2022,161.65,162.2,157.25,158.76,158.76,"79,056,000"
4/5/2022,167.74,168.11,163.27,164.05,164.05,"53,728,000"
4/4/2022,164.13,168.39,163.21,168.35,168.35,"49,882,000"
4/1/2022,164.15,165.83,162.32,163.56,163.56,"57,090,000"
3/31/2022,166.45,166.49,162.95,163,163,"59,966,000"
3/30/2022,168.51,168.95,165.5,166.3,166.3,"56,168,000"
3/29/2022,170.38,170.83,167.87,169.32,169.32,"66,154,000"
3/28/2022,164.98,169.04,164.9,168.99,168.99,"59,854,000"
3/25/2022,164,165.37,162.25,164.77,164.77,"49,032,000"
3/24/2022,163.75,164.12,160.05,163.65,163.65,"56,798,000"
3/23/2022,163.71,166.37,162.69,163.41,163.41,"55,812,000"
3/22/2022,161.81,166.17,161.7,164.89,164.89,"64,086,000"
3/21/2022,161.12,163.08,159.55,161.49,161.49,"66,538,000"
3/18/2022,156.81,161.59,156.01,161.25,161.25,"102,962,000"
3/17/2022,152.64,157.5,152.14,157.24,157.24,"72,934,000"
3/16/2022,148.5,153.15,147.35,153.1,153.1,"84,958,000"
3/15/2022,142.85,147.99,142,147.37,147.37,"75,584,000"
3/14/2022,145.98,147.45,140.88,141.85,141.85,"74,086,000"
3/11/2022,149.57,149.68,145.37,145.52,145.52,"68,900,000"
3/10/2022,145.68,148.67,143.98,146.82,146.82,"135,062,000"
3/9/2022,139.5,140.25,136.83,139.28,139.28,"82,656,000"
3/8/2022,136.68,140.7,133.57,136.01,136.01,"91,662,000"
3/7/2022,145.44,146.09,137.42,137.45,137.45,"86,934,000"
3/4/2022,147.16,147.85,143.81,145.64,145.64,"60,934,000"
3/3/2022,153.53,153.93,146.86,147.9,147.9,"65,198,000"
3/2/2022,150.85,153,148.75,152.05,152.05,"47,334,000"
3/1/2022,152.73,154.1,149.98,151.14,151.14,"44,874,000"
2/28/2022,152.43,154.45,150.85,153.56,153.56,"57,684,000"
2/25/2022,150.55,153.99,149.21,153.79,153.79,"62,396,000"
2/24/2022,139.84,151.75,139.5,151.36,151.36,"100,786,000"
2/23/2022,151.65,151.76,144.65,144.83,144.83,"64,244,000"
2/22/2022,150.48,152.98,148.49,150.2,150.2,"66,128,000"
2/18/2022,155.5,155.5,150.89,152.6,152.6,"63,604,000"
2/17/2022,158.15,160.35,154.5,154.65,154.65,"64,032,000"
2/16/2022,155.79,158.83,154.73,158.1,158.1,"52,704,000"
2/15/2022,157.61,158.01,154.64,156.51,156.51,"56,440,000"
2/14/2022,151.75,158.45,151.65,155.17,155.17,"83,230,000"
2/11/2022,158.13,159,152.73,153.29,153.29,"77,100,000"
2/10/2022,158.35,160.72,157.75,159,159,"68,268,000"
2/9/2022,162.87,163.83,160.25,161.19,161.19,"68,786,000"
2/8/2022,156.75,161.79,155.55,161.41,161.41,"76,040,000"
2/7/2022,158.52,162.69,157.25,157.94,157.94,"102,624,000"
2/4/2022,155.61,161.2,150.61,157.64,157.64,"253,456,000"
2/3/2022,141.74,144.25,138.33,138.85,138.85,"225,532,000"
2/2/2022,155.05,155.07,148.86,150.61,150.61,"87,330,000"
2/1/2022,150,151.71,147.63,151.19,151.19,"59,220,000"
1/31/2022,144.75,150.36,144.3,149.57,149.57,"78,308,000"
1/28/2022,140.86,144,137.93,143.98,143.98,"74,392,000"
1/27/2022,140.8,144.24,139.35,139.64,139.64,"77,516,000"
1/26/2022,144.75,145.18,137.32,138.87,138.87,"95,602,000"
1/25/2022,142.24,143.6,138.15,139.99,139.99,"90,824,000"
1/24/2022,139,144.95,135.35,144.54,144.54,"155,624,000"
1/21/2022,149.95,150.9,142.07,142.64,142.64,"163,972,000"
1/20/2022,156.77,158,151.35,151.67,151.67,"71,974,000"
1/19/2022,158.76,159.25,156.25,156.3,156.3,"53,242,000"
1/18/2022,159.1,159.73,157.66,158.92,158.92,"67,292,000"
1/14/2022,160.15,162.25,159.8,162.14,162.14,"45,974,000"
1/13/2022,165.25,166.22,161.09,161.21,161.21,"52,188,000"
1/12/2022,166.57,166.88,164.42,165.21,165.21,"50,030,000"
1/11/2022,161.5,166.35,160.7,165.36,165.36,"62,806,000"
1/10/2022,160.59,161.66,156.3,161.49,161.49,"87,798,000"
1/7/2022,163.84,165.24,162.03,162.55,162.55,"46,606,000"
1/6/2022,163.45,164.8,161.94,163.25,163.25,"51,958,000"
1/5/2022,166.88,167.13,164.36,164.36,164.36,"64,302,000"
1/4/2022,170.44,171.4,166.35,167.52,167.52,"70,726,000"
1/3/2022,167.55,170.7,166.16,170.4,170.4,"63,520,000"
12/31/2021,168.96,169.35,166.56,166.72,166.72,"47,830,000"
12/30/2021,169.7,170.89,168.52,168.64,168.64,"37,584,000"
12/29/2021,170.84,171.21,168.6,169.2,169.2,"35,754,000"
12/28/2021,170.18,172.18,169.14,170.66,170.66,"54,638,000"
12/27/2021,171.04,172.94,169.22,169.67,169.67,"58,688,000"
12/23/2021,170.43,171.98,170.15,171.07,171.07,"36,788,000"
12/22/2021,169.27,172.05,168.5,171.04,171.04,"55,036,000"
12/21/2021,167.85,170.72,165.65,170.42,170.42,"55,956,000"
12/20/2021,166.85,167.87,165.6,167.08,167.08,"57,372,000"
12/17/2021,167.71,170.9,165.61,170.02,170.02,"85,542,000"
12/16/2021,173.37,174.17,168.16,168.87,168.87,"60,876,000"
12/15/2021,168.6,173.6,165.2,173.32,173.32,"75,794,000"
12/14/2021,167.55,169.5,166.44,169.09,169.09,"55,976,000"
12/13/2021,172,172.1,169.13,169.57,169.57,"62,170,000"
12/10/2021,175.42,175.93,170.5,172.21,172.21,"60,690,000"
12/9/2021,175.75,176.97,174.14,174.17,174.17,"46,062,000"
12/8/2021,176.15,177.18,174.75,176.16,176.16,"45,254,000"
12/7/2021,174.6,177.5,173.33,176.16,176.16,"66,410,000"
12/6/2021,169.65,173.7,166.93,171.37,171.37,"68,860,000"
12/3/2021,172.75,173.49,166.93,169.49,169.49,"80,712,000"
12/2/2021,173,174.63,171.19,171.87,171.87,"64,726,000"
12/1/2021,177.25,177.99,172.08,172.19,172.19,"74,916,000"
11/30/2021,178.18,179.29,174.6,175.35,175.35,"80,022,000"
11/29/2021,177.38,179.8,176.57,178.08,178.08,"65,312,000"
11/26/2021,180.1,181.68,175.21,175.23,175.23,"59,826,000"
11/24/2021,178.13,180.68,176.84,179.02,179.02,"46,560,000"
11/23/2021,179.25,181.05,176.39,179,179,"73,804,000"
11/22/2021,183.82,185.67,178.38,178.63,178.63,"96,844,000"
11/19/2021,185.63,188.11,183.79,183.83,183.83,"98,734,000"
11/18/2021,178.32,185.21,178.05,184.8,184.8,"114,070,000"
11/17/2021,178.24,179.36,177.27,177.45,177.45,"51,206,000"
11/16/2021,176.95,178.82,176.26,177.04,177.04,"44,342,000"
11/15/2021,176.85,179.69,176.29,177.28,177.28,"58,594,000"
11/12/2021,174.25,177.04,172.35,176.26,176.26,"53,788,000"
11/11/2021,175.65,177.16,173.37,173.63,173.63,"45,288,000"
11/10/2021,178.19,180.27,173.15,174.1,174.1,"80,548,000"
11/9/2021,175.76,179.69,175.07,178.81,178.81,"85,898,000"
11/8/2021,176.16,178.95,174.39,174.45,174.45,"61,480,000"
11/5/2021,173.85,178.31,173.85,175.95,175.95,"99,940,000"
11/4/2021,168.5,174.93,168.25,173.85,173.85,"107,060,000"
11/3/2021,165.45,169.75,164.88,169.2,169.2,"67,944,000"
11/2/2021,165.75,166.56,164.18,165.64,165.64,"52,552,000"
11/1/2021,168.09,168.79,164.6,165.91,165.91,"72,178,000"
10/29/2021,165,168.74,163.67,168.62,168.62,"129,722,000"
10/28/2021,170.1,173.95,169.3,172.33,172.33,"114,174,000"
10/27/2021,169.4,171.85,168.57,169.62,169.62,"54,044,000"
10/26/2021,167.48,170.81,167.2,168.8,168.8,"53,966,000"
10/25/2021,166.75,167.39,164.88,166.02,166.02,"44,520,000"
10/22/2021,171.05,171.49,166.57,166.78,166.78,"62,782,000"
10/21/2021,170.71,172.01,170.15,171.75,171.75,"37,628,000"
10/20/2021,172.63,173.14,170.02,170.75,170.75,"42,796,000"
10/19/2021,171.71,172.73,171.1,172.21,172.21,"47,722,000"
10/18/2021,169.42,172.46,169.26,172.34,172.34,"63,482,000"
10/15/2021,165.57,170.52,165.2,170.45,170.45,"103,598,000"
10/14/2021,165.12,165.63,164.54,164.99,164.99,"42,190,000"
10/13/2021,163.49,164.42,163.05,164.21,164.21,"48,402,000"
10/12/2021,162.85,163.38,161.81,162.37,162.37,"36,392,000"
10/11/2021,163.75,164.63,161.9,162.32,162.32,"40,684,000"
10/8/2021,165.85,166.07,164.41,164.43,164.43,"39,964,000"
10/7/2021,164.58,166.29,164.15,165.12,165.12,"48,182,000"
10/6/2021,160.68,163.22,159.93,163.1,163.1,"50,660,000"
10/5/2021,160.23,163.04,160.12,161.05,161.05,"65,384,000"
10/4/2021,163.97,164,158.81,159.49,159.49,"90,462,000"
10/1/2021,164.45,165.46,162.8,164.16,164.16,"56,712,000"
9/30/2021,165.8,166.39,163.7,164.25,164.25,"56,848,000"
9/29/2021,166.11,167.57,164.89,165.06,165.06,"51,246,000"
9/28/2021,167.89,168.46,164.51,165.8,165.8,"88,616,000"
9/27/2021,168.57,170.78,166.98,170.29,170.29,"72,690,000"
9/24/2021,170.1,171.46,169.67,171.28,171.28,"42,324,000"
9/23/2021,169,171.45,169,170.8,170.8,"47,588,000"
9/22/2021,167.55,169.45,167.05,169,169,"48,228,000"
9/21/2021,168.75,168.99,166.62,167.18,167.18,"55,618,000"
9/20/2021,169.8,170.95,165.25,167.79,167.79,"93,382,000"
9/17/2021,174.42,174.87,172.61,173.13,173.13,"92,332,000"
9/16/2021,173,174.63,172.31,174.41,174.41,"51,672,000"
9/15/2021,172.13,174.27,170.1,173.79,173.79,"59,150,000"
9/14/2021,173.78,174.34,171.89,172.5,172.5,"38,738,000"
9/13/2021,174.14,174.9,171.9,172.86,172.86,"51,380,000"
9/10/2021,175.09,175.42,173.15,173.46,173.46,"47,946,000"
9/9/2021,176.3,177.5,174.02,174.21,174.21,"54,384,000"
9/8/2021,175.58,177.28,174.78,176.27,176.27,"61,068,000"
9/7/2021,173.9,176.4,173.85,175.46,175.46,"54,758,000"
9/3/2021,172.6,174.13,171.82,173.9,173.9,"51,514,000"
9/2/2021,174.74,175.6,172.75,173.16,173.16,"58,474,000"
9/1/2021,174.82,176.35,173.76,173.95,173.95,"72,598,000"
8/31/2021,171.24,173.63,169.78,173.54,173.54,"87,128,000"
8/30/2021,167.87,172.25,167.76,171.08,171.08,"63,844,000"
8/27/2021,166.66,167.62,165.69,167.48,167.48,"48,048,000"
8/26/2021,164.95,166.6,164.8,165.8,165.8,"41,976,000"
8/25/2021,165.49,166.05,164.31,164.96,164.96,"33,606,000"
8/24/2021,164,165.77,163.73,165.29,165.29,"51,036,000"
8/23/2021,160.6,164.04,160.5,163.29,163.29,"65,362,000"
8/20/2021,160.19,160.39,158.79,160,160,"67,168,000"
8/19/2021,159.7,161.65,159.12,159.39,159.39,"75,658,000"
8/18/2021,162.1,162.71,160,160.06,160.06,"56,086,000"
8/17/2021,163.88,164.02,161.28,162.1,162.1,"67,758,000"
8/16/2021,164.15,165,160.56,164.95,164.95,"66,394,000"
8/13/2021,165.28,165.3,164.15,164.7,164.7,"41,134,000"
8/12/2021,164.5,165.73,163.48,165.18,165.18,"46,282,000"
8/11/2021,166.57,166.88,163.89,164.61,164.61,"58,944,000"
8/10/2021,167.25,167.9,165.75,166.03,166.03,"48,252,000"
8/9/2021,167.18,167.74,166.43,167.09,167.09,"42,964,000"
8/6/2021,168.75,168.75,166.45,167.25,167.25,"52,752,000"
8/5/2021,167.81,169.45,167.05,168.8,168.8,"48,670,000"
8/4/2021,168.97,169.44,167.28,167.74,167.74,"43,678,000"
8/3/2021,167.04,169.55,164.99,168.31,168.31,"83,146,000"
8/2/2021,167.65,167.95,165.85,166.57,166.57,"67,078,000"
7/30/2021,167.4,168.41,165.35,166.38,166.38,"199,312,000"
7/29/2021,181.39,181.9,179,180,180,"110,400,000"
7/28/2021,181.69,182.92,180.05,181.52,181.52,"59,988,000"
7/27/2021,184.93,184.93,179.31,181.32,181.32,"82,638,000"
7/26/2021,183.66,185.6,182.36,184.99,184.99,"58,002,000"
7/23/2021,182,183.31,181.1,182.83,182.83,"48,726,000"
7/22/2021,179.36,182,179.11,181.9,181.9,"65,308,000"
7/21/2021,178.82,179.32,177.18,179.26,179.26,"46,380,000"
7/20/2021,178.37,179.6,175.9,178.66,178.66,"65,114,000"
7/19/2021,176.63,177.51,174.96,177.48,177.48,"75,692,000"
7/16/2021,181.67,182.3,178.52,178.68,178.68,"80,874,000"
7/15/2021,184.71,184.77,181.05,181.56,181.56,"63,706,000"
7/14/2021,185.44,185.88,183.04,184.08,184.08,"65,932,000"
7/13/2021,185.1,188.65,183.57,183.87,183.87,"76,918,000"
7/12/2021,187.2,187.86,184.84,185.93,185.93,"51,432,000"
7/9/2021,186.13,187.4,184.67,185.97,185.97,"74,964,000"
7/8/2021,182.18,188,181.06,186.57,186.57,"103,612,000"
7/7/2021,185.87,186.71,183.95,184.83,184.83,"106,562,000"
7/6/2021,176.51,184.27,176.45,183.79,183.79,"134,896,000"
7/2/2021,172.58,175.59,171.85,175.55,175.55,"63,388,000"
7/1/2021,171.73,172.85,170.47,171.65,171.65,"40,742,000"
6/30/2021,172.05,173.58,171.75,172.01,172.01,"48,080,000"
6/29/2021,171.94,172.8,171.15,172.41,172.41,"41,968,000"
6/28/2021,170.8,172.4,170.68,172.19,172.19,"44,856,000"
6/25/2021,173.2,173.24,169.71,170.07,170.07,"78,820,000"
6/24/2021,175.38,176.24,171.54,172.45,172.45,"76,640,000"
6/23/2021,175.25,176.05,174.16,175.19,175.19,"56,266,000"
6/22/2021,172.9,176.19,172.8,175.27,175.27,"66,902,000"
6/21/2021,173.82,174.1,171.7,172.7,172.7,"65,542,000"
6/18/2021,174,175.35,173.69,174.35,174.35,"104,954,000"
6/17/2021,170.16,174.86,170.05,174.46,174.46,"102,730,000"
6/16/2021,169.6,171.32,168.03,170.76,170.76,"84,056,000"
6/15/2021,169.2,169.85,168.16,169.16,169.16,"48,524,000"
6/14/2021,167.34,169.25,166.77,169.19,169.19,"51,394,000"
6/11/2021,167.48,168.33,166.67,167.34,167.34,"56,348,000"
6/10/2021,164.1,167.55,164.06,167.48,167.48,"69,530,000"
6/9/2021,163.64,164.88,163.54,164.06,164.06,"49,110,000"
6/8/2021,161.13,163.98,160.9,163.21,163.21,"68,334,000"
6/7/2021,159.87,160.4,158.61,159.9,159.9,"44,316,000"
6/4/2021,160.6,161.05,159.94,160.31,160.31,"44,994,000"
6/3/2021,160.21,160.72,159.2,159.35,159.35,"47,966,000"
6/2/2021,161.15,161.75,160.4,161.7,161.7,"40,290,000"
6/1/2021,162.18,162.55,160.45,160.93,160.93,"48,600,000"
5/28/2021,162.1,162.4,160.99,161.15,161.15,"46,596,000"
5/27/2021,162.8,163.02,161.5,161.51,161.51,"51,224,000"
5/26/2021,163.73,164.79,162.93,163.26,163.26,"47,680,000"
5/25/2021,163.33,163.99,160.69,162.95,162.95,"65,222,000"
5/24/2021,160.77,162.9,160.52,162.25,162.25,"48,456,000"
5/21/2021,162.5,162.83,159.85,160.15,160.15,"82,098,000"
5/20/2021,162.22,162.98,161.81,162.38,162.38,"52,664,000"
5/19/2021,159.75,161.74,159.2,161.59,161.59,"53,594,000"
5/18/2021,164.63,165.6,161.52,161.61,161.61,"56,568,000"
5/17/2021,162.3,164.64,161.73,163.52,163.52,"74,478,000"
5/14/2021,159.28,161.44,159.15,161.15,161.15,"66,500,000"
5/13/2021,159.27,160.19,156.65,158.07,158.07,"67,018,000"
5/12/2021,159.25,160.4,156.65,157.6,157.6,"98,728,000"
5/11/2021,156.81,161.9,156.37,161.2,161.2,"92,396,000"
5/10/2021,164.12,164.15,159.5,159.52,159.52,"116,772,000"
5/7/2021,165.95,166.54,164.45,164.58,164.58,"94,206,000"
5/6/2021,163.5,165.72,162.36,165.32,165.32,"88,954,000"
5/5/2021,166.94,167.74,163.22,163.53,163.53,"74,226,000"
5/4/2021,167.81,168.4,163.61,165.59,165.59,"108,788,000"
5/3/2021,174.24,174.33,168.63,169.32,169.32,"117,510,000"
4/30/2021,176.26,177.7,173.13,173.37,173.37,"140,186,000"
4/29/2021,175.26,175.72,171.75,173.57,173.57,"153,648,000"
4/28/2021,171.74,174.49,171.25,172.93,172.93,"92,638,000"
4/27/2021,172.17,173,169.9,170.87,170.87,"76,542,000"
4/26/2021,167.4,171.42,166.55,170.45,170.45,"97,614,000"
4/23/2021,165.96,168.75,165.43,167.04,167.04,"63,856,000"
4/22/2021,168.58,168.64,165.07,165.45,165.45,"51,612,000"
4/21/2021,165.8,168.14,165.19,168.1,168.1,"44,224,000"
4/20/2021,168.68,169.15,165.8,166.73,166.73,"52,460,000"
4/19/2021,169.52,171.8,168.01,168.6,168.6,"54,508,000"
4/16/2021,169,170.34,167.78,169.97,169.97,"63,720,000"
4/15/2021,168.55,169.85,167.6,168.95,168.95,"64,672,000"
4/14/2021,170.2,170.21,166.3,166.65,166.65,"62,904,000"
4/13/2021,170.04,171.6,169.78,170,170,"66,316,000"
4/12/2021,167.76,169.75,167.56,168.97,168.97,"65,636,000"
4/9/2021,165.24,168.61,164.45,168.61,168.61,"86,830,000"
4/8/2021,165.54,166.23,164.6,164.96,164.96,"56,242,000"
4/7/2021,161.69,165.18,161.18,163.97,163.97,"66,924,000"
4/6/2021,161.19,162.37,160.85,161.19,161.19,"50,756,000"
4/5/2021,158.65,161.8,158.06,161.34,161.34,"66,698,000"
4/1/2021,155.9,158.12,155.78,158.05,158.05,"58,806,000"
3/31/2021,153.2,155.97,153.13,154.7,154.7,"61,878,000"
3/30/2021,153.5,153.65,151.7,152.76,152.76,"46,752,000"
3/29/2021,152.77,154.56,151.42,153.79,153.79,"54,920,000"
3/26/2021,152.2,152.83,149.8,152.6,152.6,"66,258,000"
3/25/2021,153.65,155.49,151.86,152.31,152.31,"71,270,000"
3/24/2021,157.55,158.02,154.26,154.35,154.35,"59,180,000"
3/23/2021,156.35,159.1,156.04,156.88,156.88,"76,346,000"
3/22/2021,153.39,156.33,153,155.54,155.54,"58,044,000"
3/19/2021,151.46,153.86,150.83,153.75,153.75,"92,508,000"
3/18/2021,155.05,155.83,151.25,151.4,151.4,"72,992,000"
3/17/2021,153.66,158.65,153.51,156.79,156.79,"62,372,000"
3/16/2021,155.25,156.45,153.79,154.59,154.59,"50,776,000"
3/15/2021,153.73,154.11,151.6,154.08,154.08,"58,272,000"
3/12/2021,153.75,154.95,152.27,154.47,154.47,"48,438,000"
3/11/2021,155.2,156.59,154.15,155.68,155.68,"55,528,000"
3/10/2021,154.92,155.82,151.5,152.88,152.88,"60,250,000"
3/9/2021,150.9,154.55,150.26,153.14,153.14,"80,600,000"
3/8/2021,150.75,153.23,147.57,147.6,147.6,"83,700,000"
3/5/2021,150.25,150.45,144.05,150.02,150.02,"107,772,000"
3/4/2021,150.6,152.91,147.27,148.88,148.88,"109,632,000"
3/3/2021,154.06,155.39,149.75,150.25,150.25,"79,774,000"
3/2/2021,157.17,158.18,154.36,154.73,154.73,"51,916,000"
3/1/2021,156.39,157.48,154.9,157.31,157.31,"54,582,000"
2/26/2021,154.76,156.12,151.84,154.65,154.65,"85,518,000"
2/25/2021,156.84,158.91,152.39,152.86,152.86,"90,676,000"
2/24/2021,158.34,158.56,156.27,157.98,157.98,"60,226,000"
2/23/2021,156.35,160.24,154.68,159.73,159.73,"93,544,000"
2/22/2021,160.41,161.62,158.61,159.04,159.04,"70,314,000"
2/19/2021,166.41,166.68,162.29,162.49,162.49,"86,104,000"
2/18/2021,164.12,166.9,163.7,166.41,166.41,"60,548,000"
2/17/2021,163.18,166.05,162.98,165.43,165.43,"65,950,000"
2/16/2021,162.7,165.41,162.68,163.45,163.45,"51,494,000"
2/12/2021,162.5,164.01,161.67,163.89,163.89,"46,706,000"
2/11/2021,164.6,164.6,162.4,163.11,163.11,"46,028,000"
2/10/2021,165.7,165.9,162.7,164.33,164.33,"63,032,000"
2/9/2021,165.62,166.9,164.89,165.25,165.25,"44,070,000"
2/8/2021,167.93,168.25,165.2,166.15,166.15,"65,148,000"
2/5/2021,165.95,168.85,165.14,167.61,167.61,"72,416,000"
2/4/2021,166.5,167.35,163.89,166.55,166.55,"73,414,000"
2/3/2021,171.25,171.7,165.43,165.63,165.63,"141,776,000"
2/2/2021,169,171.39,168.06,169,169,"141,972,000"
2/1/2021,162.12,167.51,161.75,167.14,167.14,"83,204,000"
1/29/2021,161.5,161.85,159.23,160.31,160.31,"85,872,000"
1/28/2021,161.75,165.08,161.43,161.88,161.88,"62,984,000"
1/27/2021,167.07,167.33,160.35,161.63,161.63,"93,204,000"
1/26/2021,164.82,166.9,164.14,166.31,166.31,"59,104,000"
1/25/2021,166.43,168.19,162.16,164.7,164.7,"74,996,000"
1/22/2021,165.22,166.1,164.16,164.61,164.61,"56,438,000"
1/21/2021,164.65,167.43,164.48,165.35,165.35,"98,722,000"
1/20/2021,159.1,163.99,158.75,163.17,163.17,"106,196,000"
1/19/2021,155.35,157.25,154.8,156.04,156.04,"66,102,000"
1/15/2021,156.15,157.13,154.76,155.21,155.21,"84,880,000"
1/14/2021,158.38,158.9,156.03,156.37,156.37,"61,418,000"
1/13/2021,156.42,159.5,156.1,158.29,158.29,"66,424,000"
1/12/2021,156,157.11,154.3,156.04,156.04,"70,292,000"
1/11/2021,157.4,157.82,155.5,155.71,155.71,"73,668,000"
1/8/2021,159,159.53,157.11,159.13,159.13,"70,754,000"
1/7/2021,157.85,160.43,157.75,158.11,158.11,"70,290,000"
1/6/2021,157.32,159.88,156.56,156.92,156.92,"87,896,000"
1/5/2021,158.3,161.17,158.25,160.93,160.93,"53,110,000"
1/4/2021,163.5,163.6,157.2,159.33,159.33,"88,228,000"
12/31/2020,163.75,164.15,162.06,162.85,162.85,"59,144,000"
12/30/2020,167.05,167.1,164.12,164.29,164.29,"64,186,000"
12/29/2020,165.5,167.53,164.06,166.1,166.1,"97,458,000"
12/28/2020,159.7,165.2,158.63,164.2,164.2,"113,736,000"
12/24/2020,159.7,160.1,158.45,158.63,158.63,"29,038,000"
12/23/2020,160.25,160.51,159.21,159.26,159.26,"41,876,000"
12/22/2020,160.14,161.1,159,160.33,160.33,"47,388,000"
12/21/2020,160,161.35,158.3,160.31,160.31,"76,736,000"
12/18/2020,162.2,162.47,158.58,160.08,160.08,"119,914,000"
12/17/2020,162.5,163.18,161.05,161.8,161.8,"69,486,000"
12/16/2020,158.8,162.35,158.18,162.05,162.05,"88,552,000"
12/15/2020,159.05,159.43,156.52,158.26,158.26,"66,390,000"
12/14/2020,157.15,159.52,156.3,157.85,157.85,"83,116,000"
12/11/2020,154.83,155.93,153.64,155.82,155.82,"61,294,000"
12/10/2020,154.45,157.1,153.8,155.07,155.07,"60,604,000"
12/9/2020,158.39,158.72,154.4,155.21,155.21,"82,016,000"
12/8/2020,157.95,159.21,156,158.86,158.86,"65,726,000"
12/7/2020,157.82,159.04,157.08,157.9,157.9,"55,026,000"
12/4/2020,159.91,159.91,157.94,158.13,158.13,"58,272,000"
12/3/2020,160.27,161.43,159.07,159.34,159.34,"57,840,000"
12/2/2020,161.08,161.6,158.66,160.18,160.18,"62,586,000"
12/1/2020,159.43,162.45,157.86,161,161,"90,740,000"
11/30/2020,160.42,161.42,156.28,158.4,158.4,"81,278,000"
11/27/2020,160.56,160.81,159.5,159.77,159.77,"47,858,000"
11/25/2020,157.09,159.9,157.01,159.25,159.25,"75,808,000"
11/24/2020,155.02,156.71,154.31,155.9,155.9,"72,042,000"
11/23/2020,155.84,156.99,153.27,154.92,154.92,"94,178,000"
11/20/2020,155.85,156.64,154.9,154.97,154.97,"67,488,000"
11/19/2020,155.27,156.25,154.05,155.85,155.85,"60,206,000"
11/18/2020,156.7,157,155.26,155.27,155.27,"58,336,000"
11/17/2020,159.18,159.46,156.76,156.78,156.78,"68,894,000"
11/16/2020,154.66,157.13,153.63,156.55,156.55,"76,174,000"
11/13/2020,156.1,157.09,154.27,156.44,156.44,"75,124,000"
11/12/2020,158,158.79,154.3,155.51,155.51,"87,240,000"
11/11/2020,153.09,156.96,152.5,156.87,156.87,"87,338,000"
11/10/2020,154.75,155.7,150.97,151.75,151.75,"131,820,000"
11/9/2020,161.55,164.45,155.61,157.19,157.19,"143,808,000"
11/6/2020,165.23,166.1,161.6,165.57,165.57,"92,946,000"
11/5/2020,166,168.34,164.44,166.1,166.1,"115,786,000"
11/4/2020,158,162.24,156.99,162.06,162.06,"136,780,000"
11/3/2020,150.93,153.74,149.05,152.42,152.42,"97,958,000"
11/2/2020,153.09,153.99,147.51,150.22,150.22,"145,148,000"
10/30/2020,157.89,158.35,150.95,151.81,151.81,"167,728,000"
10/29/2020,160.06,162.86,158.2,160.55,160.55,"131,930,000"
10/28/2020,162.46,163.2,158.12,158.14,158.14,"111,766,000"
10/27/2020,161.25,164.58,160.57,164.32,164.32,"85,820,000"
10/26/2020,159.94,164.15,157.66,160.35,160.35,"118,024,000"
10/23/2020,159.55,160.27,157,160.22,160.22,"69,334,000"
10/22/2020,159.49,159.94,156.1,158.82,158.82,"84,240,000"
10/21/2020,160.63,161.69,158,159.25,159.25,"91,854,000"
10/20/2020,161.11,163.3,159.6,160.85,160.85,"90,194,000"
10/19/2020,164.98,166.45,159.64,160.36,160.36,"104,472,000"
10/16/2020,168.16,169.98,158,163.64,163.64,"129,488,000"
10/15/2020,164.6,167.79,164,166.93,166.93,"104,468,000"
10/14/2020,172.35,173.24,167,168.19,168.19,"116,254,000"
10/13/2020,173.4,174.62,171.21,172.18,172.18,"114,894,000"
10/12/2020,167.5,174.81,166.98,172.15,172.15,"167,284,000"
10/9/2020,160.5,164.45,159.89,164.33,164.33,"98,158,000"
10/8/2020,161.25,161.66,158.75,159.53,159.53,"63,482,000"
10/7/2020,156.75,160,156.62,159.78,159.78,"86,188,000"
10/6/2020,158.25,159.1,154.5,155,155,"101,738,000"
10/5/2020,157.29,160.13,157.04,159.96,159.96,"75,506,000"
10/2/2020,157.68,159.79,156.15,156.25,156.25,"112,262,000"
10/1/2020,160.4,161.2,158.6,161.06,161.06,"99,438,000"
9/30/2020,157.06,160.64,156.7,157.44,157.44,"97,922,000"
9/29/2020,158.77,159.41,156.63,157.24,157.24,"69,916,000"
9/28/2020,157.44,158.75,155.86,158.7,158.7,"84,484,000"
9/25/2020,152.74,155.08,149.95,154.76,154.76,"92,304,000"
9/24/2020,148.89,153.46,148.25,150.99,150.99,"110,588,000"
9/23/2020,156.02,156.35,149.62,149.99,149.99,"113,054,000"
9/22/2020,151.69,156.7,150.01,156.45,156.45,"138,976,000"
9/21/2020,145.32,148.1,143.55,148.02,148.02,"122,358,000"
9/18/2020,151.59,151.89,145.28,147.75,147.75,"177,852,000"
9/17/2020,150.46,151.47,148.63,150.44,150.44,"128,982,000"
9/16/2020,159,159.36,153.71,153.9,153.9,"90,244,000"
9/15/2020,156.81,158.75,155.45,157.81,157.81,"80,430,000"
9/14/2020,158.65,159.37,154.8,155.15,155.15,"90,592,000"
9/11/2020,160.43,160.87,154.2,155.81,155.81,"101,880,000"
9/10/2020,165.36,167.49,158.53,158.76,158.76,"106,614,000"
9/9/2020,160.15,165.16,159.25,163.43,163.43,"103,774,000"
9/8/2020,157.2,162.54,156.5,157.49,157.49,"121,884,000"
9/4/2020,165.9,169.07,155.56,164.73,164.73,"175,636,000"
9/3/2020,174.25,174.42,165.15,168.4,168.4,"163,222,000"
9/2/2020,177.35,177.61,174.33,176.57,176.57,"78,630,000"
9/1/2020,174.48,175.69,173.35,174.96,174.96,"68,644,000"
8/31/2020,170.45,174.75,170.25,172.55,172.55,"83,718,000"
8/28/2020,171.15,171.67,169.32,170.09,170.09,"57,940,000"
8/27/2020,172.5,172.65,168.9,170,170,"85,296,000"
8/26/2020,167.56,172.59,167.23,172.09,172.09,"130,174,000"
8/25/2020,164.75,167.87,163.35,167.32,167.32,"79,856,000"
8/24/2020,165.51,169.02,162.88,165.37,165.37,"93,326,000"
8/21/2020,164.75,165.72,163.77,164.24,164.24,"71,518,000"
8/20/2020,162.6,165.63,161.9,164.87,164.87,"66,650,000"
8/19/2020,165.15,165.79,162.8,163.02,163.02,"83,702,000"
8/18/2020,160.6,166,160.29,165.62,165.62,"106,920,000"
8/17/2020,158.66,159.75,157.71,159.12,159.12,"53,824,000"
8/14/2020,158.91,158.91,156,157.4,157.4,"55,034,000"
8/13/2020,159.15,160.88,157.75,158.05,158.05,"62,980,000"
8/12/2020,155.4,158.72,155.07,158.11,158.11,"70,442,000"
8/11/2020,155.66,157.96,153.65,154.03,154.03,"74,362,000"
8/10/2020,158.52,158.63,155.08,157.41,157.41,"63,346,000"
8/7/2020,161.2,162.04,157.03,158.37,158.37,"78,722,000"
8/6/2020,159.72,162.37,158.27,161.25,161.25,"78,812,000"
8/5/2020,157.19,160.68,156.37,160.25,160.25,"78,330,000"
8/4/2020,155.06,158.36,155.06,156.94,156.94,"93,886,000"
8/3/2020,159.03,159.2,155.2,155.59,155.59,"101,494,000"
7/31/2020,162.2,162.34,157.55,158.23,158.23,"161,710,000"
7/30/2020,150.7,154.6,150.25,152.59,152.59,"122,566,000"
7/29/2020,151.55,151.96,149.84,151.68,151.68,"59,482,000"
7/28/2020,152.71,153.85,149.79,150.02,150.02,"62,534,000"
7/27/2020,153.1,154.9,150.79,152.76,152.76,"83,410,000"
7/24/2020,146.5,151.58,144.4,150.45,150.45,"112,648,000"
7/23/2020,154.91,154.91,148.5,149.33,149.33,"113,138,000"
7/22/2020,156.25,157.5,153.26,155,155,"82,084,000"
7/21/2020,161.62,162.03,155.29,156.91,156.91,"122,426,000"
7/20/2020,150.01,160.07,149.7,159.84,159.84,"151,964,000"
7/17/2020,150.45,151.2,147.42,148.1,148.1,"95,226,000"
7/16/2020,148.55,151.6,145.91,149.99,149.99,"127,884,000"
7/15/2020,154.01,154.92,148.66,150.44,150.44,"115,778,000"
7/14/2020,154.45,156.37,147.5,154.2,154.2,"144,638,000"
7/13/2020,162.55,167.21,153.42,155.2,155.2,"154,408,000"
7/10/2020,159.59,160.75,156.79,160,160,"109,720,000"
7/9/2020,155.8,159.69,153.7,159.13,159.13,"127,774,000"
7/8/2020,151.13,154.2,150.62,154.06,154.06,"100,752,000"
7/7/2020,152.93,153.48,149.5,150.01,150.01,"105,150,000"
7/6/2020,146.75,152.99,146.5,152.85,152.85,"137,612,000"
7/2/2020,145.6,147.78,143.55,144.51,144.51,"131,868,000"
7/1/2020,137.9,144.75,137.7,143.93,143.93,"127,268,000"
6/30/2020,134.25,138.48,133.75,137.94,137.94,"75,394,000"
6/29/2020,134.5,134.84,131.5,134.02,134.02,"84,468,000"
6/26/2020,138.75,139.13,134.4,134.64,134.64,"130,016,000"
6/25/2020,136.98,137.81,135.61,137.73,137.73,"59,374,000"
6/24/2020,139,139.8,136.05,136.72,136.72,"90,532,000"
6/23/2020,136.3,139.16,135.9,138.22,138.22,"84,634,000"
6/22/2020,134.23,135.75,133.45,135.69,135.69,"64,176,000"
6/19/2020,133.9,134.87,132.95,133.75,133.75,"115,540,000"
6/18/2020,132.35,132.98,131.81,132.7,132.7,"49,756,000"
6/17/2020,132.38,132.75,131.59,132.05,132.05,"59,186,000"
6/16/2020,131,131,128.8,130.76,130.76,"71,712,000"
6/15/2020,126.33,129.2,125.4,128.63,128.63,"77,302,000"
6/12/2020,130.06,131.07,125.17,127.25,127.25,"108,722,000"
6/11/2020,130.18,133.57,126.81,127.9,127.9,"116,002,000"
6/10/2020,132.25,136.12,131.31,132.37,132.37,"98,920,000"
6/9/2020,126.47,131.32,126.25,130.04,130.04,"103,520,000"
6/8/2020,125.01,126.5,124.37,126.2,126.2,"79,414,000"
6/5/2020,122.23,124.43,121.86,124.15,124.15,"66,128,000"
6/4/2020,123.87,125.38,122.5,123.03,123.03,"58,974,000"
6/3/2020,123.4,124.4,123.06,123.92,123.92,"53,420,000"
6/2/2020,123.35,123.68,122.27,123.62,123.62,"50,598,000"
6/1/2020,122.4,123.85,122.21,123.55,123.55,"58,578,000"
5/29/2020,120.8,122.12,119.91,122.12,122.12,"70,198,000"
5/28/2020,119.22,121.85,118.91,120.06,120.06,"63,804,000"
5/27/2020,120.25,120.68,116.5,120.52,120.52,"101,138,000"
5/26/2020,122.9,123.1,120.7,121.09,121.09,"71,364,000"
5/22/2020,122.75,123.49,121.51,121.84,121.84,"57,342,000"
5/21/2020,125,126.27,122.13,122.34,122.34,"102,288,000"
5/20/2020,123.89,125,123.36,124.9,124.9,"79,962,000"
5/19/2020,121.49,124.25,121.45,122.47,122.47,"86,410,000"
5/18/2020,120.22,121.65,119.2,121.31,121.31,"87,144,000"
5/15/2020,118.43,120.55,117.82,120.49,120.49,"84,700,000"
5/14/2020,118.05,119.57,117.66,119.44,119.44,"72,962,000"
5/13/2020,118.34,120.39,116.89,118.4,118.4,"95,658,000"
5/12/2020,120.59,120.95,117.75,117.85,117.85,"61,498,000"
5/11/2020,118.74,120.98,118.61,120.45,120.45,"65,184,000"
5/8/2020,118.61,119.36,117.85,118.98,118.98,"64,132,000"
5/7/2020,118.74,118.8,117.16,118.38,118.38,"67,928,000"
5/6/2020,116.47,117.87,116,117.56,117.56,"62,356,000"
5/5/2020,117,117.55,115.36,115.89,115.89,"64,850,000"
5/4/2020,112.82,116.35,112.82,115.8,115.8,"97,318,000"
5/1/2020,116.84,118.12,112.91,114.3,114.3,"195,452,000"
4/30/2020,120.99,123.75,119.8,123.7,123.7,"190,692,000"
4/29/2020,116.5,119.59,115.5,118.64,118.64,"91,832,000"
4/28/2020,118.61,118.68,115.3,115.7,115.7,"105,388,000"
4/27/2020,122.16,122.24,118.15,118.8,118.8,"112,912,000"
4/24/2020,120.85,121.02,119.1,120.51,120.51,"76,498,000"
4/23/2020,120,121.21,119.1,119.97,119.97,"101,332,000"
4/22/2020,118.45,119.7,117.55,118.17,118.17,"84,244,000"
4/21/2020,120.83,121.42,113.98,116.41,116.41,"149,534,000"
4/20/2020,119.5,122.25,119.3,119.68,119.68,"115,414,000"
4/17/2020,118.62,120,115.8,118.75,118.75,"158,600,000"
4/16/2020,117.3,123.05,116.75,120.41,120.41,"240,764,000"
4/15/2020,112.88,116.67,112.25,115.38,115.38,"137,332,000"
4/14/2020,110.02,114.6,109.31,114.17,114.17,"161,744,000"
4/13/2020,102,109,101.9,108.44,108.44,"134,334,000"
4/9/2020,102.21,102.65,100.88,102.14,102.14,"92,930,000"
4/8/2020,101.05,102.2,100.56,102.15,102.15,"79,546,000"
4/7/2020,100.86,101.79,99.88,100.58,100.58,"102,280,000"
4/6/2020,96.8,99.93,96.5,99.88,99.88,"115,464,000"
4/3/2020,95.56,96.32,94.46,95.33,95.33,"72,198,000"
4/2/2020,95.08,96.38,94.5,95.94,95.94,"86,720,000"
4/1/2020,96.65,97.25,94.65,95.39,95.39,"82,438,000"
3/31/2020,98.22,99.65,97.2,97.49,97.49,"102,472,000"
3/30/2020,96.14,98.68,95.62,98.2,98.2,"122,522,000"
3/27/2020,96.54,96.99,95,95,95,"107,758,000"
3/26/2020,95.1,97.82,94.46,97.77,97.77,"124,426,000"
3/25/2020,96.03,97.51,94.29,94.29,94.29,"129,582,000"
3/24/2020,97.57,97.75,95.02,97,97,"142,942,000"
3/23/2020,91.39,95.97,90.6,95.14,95.14,"156,170,000"
3/20/2020,96.32,97.85,91.04,92.3,92.3,"196,358,000"
3/19/2020,93,97.25,91.63,94.05,94.05,"207,998,000"
3/18/2020,87.5,92.08,87.25,91.5,91.5,"192,904,000"
3/17/2020,88.77,92.89,84.46,90.39,90.39,"218,342,000"
3/16/2020,82.08,87.97,81.3,84.46,84.46,"178,346,000"
3/13/2020,87.75,89.32,84.03,89.25,89.25,"176,194,000"
3/12/2020,86.1,88.25,83.75,83.83,83.83,"226,924,000"
3/11/2020,92.89,93.57,90.07,91.04,91.04,"112,496,000"
3/10/2020,93.54,94.71,90.91,94.59,94.59,"142,666,000"
3/9/2020,88.69,93.14,88.06,90.03,90.03,"156,264,000"
3/6/2020,93.75,95.54,93.47,95.05,95.05,"105,472,000"
3/5/2020,96.65,98.04,95.5,96.2,96.2,"94,964,000"
3/4/2020,97.33,98.9,96.1,98.79,98.79,"95,458,000"
3/3/2020,98.77,99.82,94.4,95.45,95.45,"150,690,000"
3/2/2020,95.32,97.73,93.5,97.7,97.7,"135,234,000"
2/28/2020,90.73,94.49,90.56,94.19,94.19,"189,620,000"
2/27/2020,96.72,98.75,94.14,94.21,94.21,"162,880,000"
2/26/2020,98.51,100.73,98.02,98.98,98.98,"104,492,000"
2/25/2020,101.32,101.73,97.92,98.64,98.64,"124,382,000"
2/24/2020,100.16,101.96,99.4,100.46,100.46,"130,940,000"
2/21/2020,107.11,107.23,104.4,104.8,104.8,"92,926,000"
2/20/2020,108.65,108.84,106.37,107.65,107.65,"62,626,000"
2/19/2020,108.39,109.25,108.06,108.51,108.51,"51,224,000"
2/18/2020,106.25,108.3,106.21,107.78,107.78,"58,912,000"
2/14/2020,107.78,107.95,106.29,106.74,106.74,"52,124,000"
2/13/2020,107.25,108.51,107.1,107.49,107.49,"60,636,000"
2/12/2020,108.16,109.01,107.76,108,108,"66,686,000"
2/11/2020,107.54,109.3,106.8,107.54,107.54,"114,920,000"
2/10/2020,104.25,106.78,104.25,106.7,106.7,"101,124,000"
2/7/2020,102.1,104.93,101.9,103.96,103.96,"101,906,000"
2/6/2020,102.05,102.82,101.24,102.51,102.51,"63,660,000"
2/5/2020,103.55,103.55,101.6,101.99,101.99,"87,524,000"
2/4/2020,101.49,102.99,100.77,102.48,102.48,"105,786,000"
2/3/2020,100.53,102.43,100.01,100.21,100.21,"117,834,000"
1/31/2020,102.57,102.79,100.11,100.44,100.44,"311,346,000"
1/30/2020,92.9,93.64,92.53,93.53,93.53,"126,548,000"
1/29/2020,93.2,93.74,92.75,92.9,92.9,"41,760,000"
1/28/2020,92.03,92.91,91.5,92.66,92.66,"56,160,000"
1/27/2020,91,92.05,90.77,91.42,91.42,"70,570,000"
1/24/2020,94.57,94.75,92.37,93.08,93.08,"75,324,000"
1/23/2020,94.26,94.5,93.64,94.23,94.23,"49,692,000"
1/22/2020,94.8,95.13,94.17,94.37,94.37,"64,326,000"
1/21/2020,93.25,94.71,93,94.6,94.6,"74,156,000"
1/17/2020,94.29,94.33,92.86,93.24,93.24,"79,946,000"
1/16/2020,94.15,94.28,93.3,93.9,93.9,"53,190,000"
1/15/2020,93.61,93.94,92.75,93.1,93.1,"57,932,000"
1/14/2020,94.29,94.36,92.93,93.47,93.47,"68,818,000"
1/13/2020,94.57,94.9,94.04,94.57,94.57,"55,616,000"
1/10/2020,95.27,95.35,94,94.16,94.16,"57,074,000"
1/9/2020,95.49,95.89,94.79,95.05,95.05,"63,346,000"
1/8/2020,94.9,95.55,94.32,94.6,94.6,"70,160,000"
1/7/2020,95.22,95.69,94.6,95.34,95.34,"80,898,000"
1/6/2020,93,95.18,93,95.14,95.14,"81,236,000"
1/3/2020,93.22,94.31,93.22,93.75,93.75,"75,288,000"
1/2/2020,93.75,94.9,93.21,94.9,94.9,"80,580,000"