date,ticker,NewsCount,NewsTone
2020-01-01,AAPL,268,0.0035211735247155647
2020-01-01,AMZN,240,-0.016863206372059254
2020-01-02,AAPL,513,0.006356260197349071
2020-01-02,AMZN,484,-0.0059553827826964532
2020-01-03,AAPL,733,0.006926458959258924
2020-01-03,AMZN,453,-0.0075729608402801771
2020-01-04,AAPL,494,0.0050087025135223708
2020-01-04,AMZN,236,0.0013023493195200529
2020-01-05,AAPL,251,0.0046973847760386342
2020-01-05,AMZN,272,0.026879422089576627
2020-01-06,AAPL,539,0.00783973153827227
2020-01-06,AMZN,715,0.00800912454536195
2020-01-07,AAPL,497,0.0016566776679601367
2020-01-07,AMZN,545,0.0055555096517802913
2020-01-08,AAPL,776,-0.0015559783301176786
2020-01-08,AMZN,546,0.0045240953289701919
2020-01-09,AAPL,675,-0.00077076011854652177
2020-01-09,AMZN,581,-0.0029646146401378238
2020-01-10,AAPL,563,-0.0018661526408502258
2020-01-10,AMZN,511,0.0013505416068033682
2020-01-11,AAPL,343,-0.002031588191043706
2020-01-11,AMZN,291,-0.009744917040663624
2020-01-12,AAPL,255,-0.00036155989825512844
2020-01-12,AMZN,326,-0.009469544087338317
2020-01-13,AAPL,659,-0.0026931550295035147
2020-01-13,AMZN,639,-0.0046183439475473978
2020-01-14,AAPL,843,-0.0099786771228173726
2020-01-14,AMZN,830,-0.002703282076226071
2020-01-15,AAPL,1074,-0.016314952486238744
2020-01-15,AMZN,1335,0.001315320244200815
2020-01-16,AAPL,925,-0.0029416587173071913
2020-01-16,AMZN,739,-0.00035258231115284963
2020-01-17,AAPL,886,-0.00048057508269079731
2020-01-17,AMZN,703,-0.0040902803761903523
2020-01-18,AAPL,440,-0.0038978462889607164
2020-01-18,AMZN,424,-0.0071184332345972171
2020-01-19,AAPL,474,-0.0028296439701916286
2020-01-19,AMZN,308,-0.0015916262790226297
2020-01-20,AAPL,766,0.0036832195070887527
2020-01-20,AMZN,713,0.010978889057096135
2020-01-21,AAPL,768,-0.0045427486096906132
2020-01-21,AMZN,641,0.0025479058639957526
2020-01-22,AAPL,995,-0.005106086105054441
2020-01-22,AMZN,1453,-0.011788603809024186
2020-01-23,AAPL,914,-0.0067531129400680793
2020-01-23,AMZN,835,-0.009364210584809584
2020-01-24,AAPL,837,-0.0073549646523174148
2020-01-24,AMZN,548,-0.00023336385731638129
2020-01-25,AAPL,367,-0.0071417894303718648
2020-01-25,AMZN,237,0.00043225982983442112
2020-01-26,AAPL,319,-0.011121878201454695
2020-01-26,AMZN,208,0.00033986983325425522
2020-01-27,AAPL,654,-0.00032078878785002883
2020-01-27,AMZN,855,-0.0045141687258030642
2020-01-28,AAPL,1223,-0.0020846008874038134
2020-01-28,AMZN,652,-0.0025120105833615789
2020-01-29,AAPL,1969,0.0016636771532313123
2020-01-29,AMZN,500,0.0023796769444732096
2020-01-30,AAPL,1416,-0.0047031059463436458
2020-01-30,AMZN,769,0.0066968269017451051
2020-01-31,AAPL,870,-0.0019428552317309299
2020-01-31,AMZN,1264,0.0044752329405602616
2020-02-01,AAPL,1076,-0.020634523808907835
2020-02-01,AMZN,302,0.00057050553641210366
2020-02-02,AAPL,526,-0.015558890729906447
2020-02-02,AMZN,190,-0.00368630012285532
2020-02-03,AAPL,762,-0.0055291967355731693
2020-02-03,AMZN,562,0.0025557141037142695
2020-02-04,AAPL,698,-0.0020932843475058257
2020-02-04,AMZN,515,0.0058790855419785992
2020-02-05,AAPL,711,-0.0034568012146946017
2020-02-05,AMZN,656,0.00790533133976458
2020-02-06,AAPL,808,0.0011790671597009408
2020-02-06,AMZN,594,0.007316575299012514
2020-02-07,AAPL,920,-0.0075357013578660377
2020-02-07,AMZN,733,0.0031922410828276872
2020-02-08,AAPL,562,-0.010812189446716126
2020-02-08,AMZN,289,-0.0060458970129455879
2020-02-09,AAPL,411,-0.011279355167043599
2020-02-09,AMZN,258,-0.0063464354457712395
2020-02-10,AAPL,680,-0.0084742735600331
2020-02-10,AMZN,1161,-0.011800143833253993
2020-02-11,AAPL,656,-0.0035752058060170146
2020-02-11,AMZN,789,-0.00099917744033413847
2020-02-12,AAPL,832,-0.0049299269475806262
2020-02-12,AMZN,1242,-0.0007114827994617565
2020-02-13,AAPL,642,-0.0055320190967046087
2020-02-13,AMZN,1042,-0.005175701086780133
2020-02-14,AAPL,663,-0.0062126535835611675
2020-02-14,AMZN,835,-0.0061696096728169163
2020-02-15,AAPL,435,-0.0097602211891055935
2020-02-15,AMZN,283,0.007280870545734
2020-02-16,AAPL,340,-0.0069487115870268462
2020-02-16,AMZN,201,0.0067703257430027086
2020-02-17,AAPL,850,-0.010861921369019365
2020-02-17,AMZN,607,-0.0045262921529282745
2020-02-18,AAPL,3004,-0.0205134094596339
2020-02-18,AMZN,1366,-0.0097777173060769069
2020-02-19,AAPL,955,-0.012292676894151613
2020-02-19,AMZN,597,0.011657290557113417
2020-02-20,AAPL,730,-0.00746249508807322
2020-02-20,AMZN,673,0.0054439506981800089
2020-02-21,AAPL,739,-0.012902061256759492
2020-02-21,AMZN,519,-0.003022719643075023
2020-02-22,AAPL,349,-0.0077207984154351369
2020-02-22,AMZN,323,-0.021779177816133
2020-02-23,AAPL,340,-0.013164797354706227
2020-02-23,AMZN,266,-0.019170996745637887
2020-02-24,AAPL,712,-0.010072724739534498
2020-02-24,AMZN,590,-0.026754874998267581
2020-02-25,AAPL,848,-0.0051778330503021537
2020-02-25,AMZN,781,-0.0065676130565923384
2020-02-26,AAPL,843,-0.0033776289763317712
2020-02-26,AMZN,635,0.00087719109643097143
2020-02-27,AAPL,929,-0.00555033646922137
2020-02-27,AMZN,571,-0.0019729239406659081
2020-02-28,AAPL,698,-0.0083074530307688816
2020-02-28,AMZN,730,-0.0028513810651331121
2020-02-29,AAPL,399,-0.0057364285743590343
2020-02-29,AMZN,272,-0.0063048433208949314
2020-03-01,AAPL,368,-0.014395090953429765
2020-03-01,AMZN,159,0.0019052995128221372
2020-03-02,AAPL,972,-0.010010183237517371
2020-03-02,AMZN,482,-0.0045420199845073016
2020-03-03,AAPL,1460,-0.007670918541335719
2020-03-03,AMZN,594,-0.005224482080728704
2020-03-04,AAPL,779,-0.0043559215294330751
2020-03-04,AMZN,781,-0.013824264806450407
2020-03-05,AAPL,932,-0.01041441367965653
2020-03-05,AMZN,700,-0.0042213878858413162
2020-03-06,AAPL,907,-0.012947273085482748
2020-03-06,AMZN,489,0.0064487449322366752
2020-03-07,AAPL,471,-0.011775336711483958
2020-03-07,AMZN,292,-0.015245323005431147
2020-03-08,AAPL,299,-0.006373522639632632
2020-03-08,AMZN,196,0.0043093199691729093
2020-03-09,AAPL,1042,-0.010329619796461147
2020-03-09,AMZN,444,0.0032776111295936333
2020-03-10,AAPL,1177,-0.01136627819063305
2020-03-10,AMZN,632,0.0074460983317157633
2020-03-11,AAPL,1082,-0.010888008573599573
2020-03-11,AMZN,494,-0.0050832251581980287
2020-03-12,AAPL,895,-0.014988020610571714
2020-03-12,AMZN,627,-0.0011283136764463988
2020-03-13,AAPL,1089,-0.011572194840109169
2020-03-13,AMZN,552,-0.00088041410861166159
2020-03-14,AAPL,1597,-0.0087472120315838838
2020-03-14,AMZN,234,-0.0054245395699835768
2020-03-15,AAPL,515,-0.0089717178790938261
2020-03-15,AMZN,177,-0.0076359133732592024
2020-03-16,AAPL,1209,-0.01603225325080098
2020-03-16,AMZN,758,-0.0095464929291022658
2020-03-17,AAPL,905,-0.0089236763815889325
2020-03-17,AMZN,1925,-0.0080023059465470329
2020-03-18,AAPL,1337,0.00038193986273238871
2020-03-18,AMZN,813,-0.0050463589142911228
2020-03-19,AAPL,824,-0.00012270405956059296
2020-03-19,AMZN,730,-0.014512211043096872
2020-03-20,AAPL,839,-0.013875435436432767
2020-03-20,AMZN,571,-0.010240099284674144
2020-03-21,AAPL,392,-0.0047016965976445484
2020-03-21,AMZN,341,-0.0068732599804268279
2020-03-22,AAPL,405,-0.012663297591512189
2020-03-22,AMZN,309,-0.0090805592970538834
2020-03-23,AAPL,772,-0.0092719999741472069
2020-03-23,AMZN,543,-0.0048603726262630761
2020-03-24,AAPL,803,-0.0018075056818592642
2020-03-24,AMZN,705,-0.0060787227586756969
2020-03-25,AAPL,713,-0.00057382048119228009
2020-03-25,AMZN,956,-0.012233016016623662
2020-03-26,AAPL,701,-0.0072087981434484716
2020-03-26,AMZN,703,-0.008299493075039438
2020-03-27,AAPL,753,-0.0035607826349851033
2020-03-27,AMZN,653,-0.0029921765402672711
2020-03-28,AAPL,479,-0.0081898976346647268
2020-03-28,AMZN,406,-0.003316377554272827
2020-03-29,AAPL,280,-0.0070014617209609095
2020-03-29,AMZN,204,-0.0045739617297214652
2020-03-30,AAPL,600,-0.0071679297226305665
2020-03-30,AMZN,650,-0.010057379565274242
2020-03-31,AAPL,570,-0.0023337666886949849
2020-03-31,AMZN,1156,-0.022613345285732653
2020-04-01,AAPL,680,-0.00079369219059318742
2020-04-01,AMZN,617,-0.011917874914001857
2020-04-02,AAPL,666,0.0048675206837863229
2020-04-02,AMZN,866,-0.0043305015748296332
2020-04-03,AAPL,659,-0.0025454102617860686
2020-04-03,AMZN,829,-0.0034600001117825862
2020-04-04,AAPL,306,-0.000732870486452695
2020-04-04,AMZN,430,-0.0052941521899036717
2020-04-05,AAPL,240,-0.0044553329664407089
2020-04-05,AMZN,204,-0.0098638199763944612
2020-04-06,AAPL,830,0.0041171688879494189
2020-04-06,AMZN,395,-0.0046086252621320573
2020-04-07,AAPL,597,0.0042798737297876192
2020-04-07,AMZN,616,-0.0030316715735755938
2020-04-08,AAPL,493,-0.000596639761118476
2020-04-08,AMZN,488,-0.0057137758577947432
2020-04-09,AAPL,373,-0.0014830872235460776
2020-04-09,AMZN,761,-0.014144311668171622
2020-04-10,AAPL,1436,-0.00351219451762439
2020-04-10,AMZN,528,-0.013339211187315342
2020-04-11,AAPL,1082,-0.0015136153221446777
2020-04-11,AMZN,348,-0.021363738929391023
2020-04-12,AAPL,431,-0.013525146975401407
2020-04-12,AMZN,184,-0.0087897815125507015
2020-04-13,AAPL,708,-0.0065277510158534766
2020-04-13,AMZN,920,-0.0053582572816913776
2020-04-14,AAPL,864,-0.0013583087014420667
2020-04-14,AMZN,941,-0.010942821327187597
2020-04-15,AAPL,2176,-0.004888032489913121
2020-04-15,AMZN,1142,-0.015805541697070633
2020-04-16,AAPL,1276,0.002597212713894563
2020-04-16,AMZN,960,-0.010102107975127273
2020-04-17,AAPL,1090,-0.00076492690660357983
2020-04-17,AMZN,670,-0.0074062496785847988
2020-04-18,AAPL,389,-0.0012136242909790804
2020-04-18,AMZN,402,-0.010625301151549926
2020-04-19,AAPL,293,-0.0013134427865341008
2020-04-19,AMZN,295,-0.00998802594380872
2020-04-20,AAPL,624,-0.0026068376176070678
2020-04-20,AMZN,499,-0.0074860337643359214
2020-04-21,AAPL,792,0.00068203861935391531
2020-04-21,AMZN,669,-0.0097736286362972383
2020-04-22,AAPL,639,-0.0019734301045876207
2020-04-22,AMZN,521,-0.0067123607455595174
2020-04-23,AAPL,1088,-0.0077278227500742671
2020-04-23,AMZN,560,-0.0039746048720011688
2020-04-24,AAPL,1037,-0.0086504748841494967
2020-04-24,AMZN,767,-0.0058856763312683689
2020-04-25,AAPL,514,-0.0089496089477041057
2020-04-25,AMZN,445,-0.0090940431481751818
2020-04-26,AAPL,428,-0.011957916799473054
2020-04-26,AMZN,205,-0.0076543131860197372
2020-04-27,AAPL,710,-0.0072998723145766666
2020-04-27,AMZN,560,-0.0024676082474269149
2020-04-28,AAPL,713,-0.0077406595014031764
2020-04-28,AMZN,657,-0.0094164650851973827
2020-04-29,AAPL,629,-0.00088525726595568963
2020-04-29,AMZN,828,-0.010056647995095931
2020-04-30,AAPL,972,-0.0038640022194673606
2020-04-30,AMZN,749,-0.0070614726517265573
2020-05-01,AAPL,982,-0.003816634873386405
2020-05-01,AMZN,1386,-0.010372055012445695
2020-05-02,AAPL,420,0.010978546654869565
2020-05-02,AMZN,356,-0.00866583104856365
2020-05-03,AAPL,416,-0.012548809788993396
2020-05-03,AMZN,225,-0.01086457801380754
2020-05-04,AAPL,814,0.0019316531623868695
2020-05-04,AMZN,628,-0.014531348598388543
2020-05-05,AAPL,1052,4.501469283304768e-05
2020-05-05,AMZN,699,-0.018241610878707622
2020-05-06,AAPL,680,0.0018577666562707377
2020-05-06,AMZN,536,-0.011032508015815805
2020-05-07,AAPL,660,0.0019927635973433773
2020-05-07,AMZN,629,-0.011412062206731037
2020-05-08,AAPL,608,0.0024018236963321581
2020-05-08,AMZN,589,-0.013796124740363059
2020-05-09,AAPL,397,-0.0022179296802210609
2020-05-09,AMZN,423,-0.0115520779323103
2020-05-10,AAPL,268,-0.008461335015763554
2020-05-10,AMZN,190,-0.0025073495964957728
2020-05-11,AAPL,518,-0.0002355774404600871
2020-05-11,AMZN,428,-0.0049614673193241424
2020-05-12,AAPL,674,0.0035846359407222849
2020-05-12,AMZN,508,-0.0097146547027617
2020-05-13,AAPL,687,-0.0037162277235883285
2020-05-13,AMZN,691,-0.0090591839996440812
2020-05-14,AAPL,584,0.0017388369078252066
2020-05-14,AMZN,817,-0.0038175643033674404
2020-05-15,AAPL,933,0.01506066355165496
2020-05-15,AMZN,786,-0.0055089278902550236
2020-05-16,AAPL,338,-0.00083852486407197
2020-05-16,AMZN,381,-0.0052327248599233333
2020-05-17,AAPL,246,-0.0044159988096942205
2020-05-17,AMZN,280,-0.0186775722223625
2020-05-18,AAPL,974,-0.00242134538958614
2020-05-18,AMZN,613,-0.0071585174124007235
2020-05-19,AAPL,959,-0.00049195196718066609
2020-05-19,AMZN,605,-0.0074997235247856791
2020-05-20,AAPL,1213,-0.0012338444099421119
2020-05-20,AMZN,671,-0.010201093059424231
2020-05-21,AAPL,1122,-0.0025928483784426323
2020-05-21,AMZN,828,-0.0045460899880394139
2020-05-22,AAPL,651,0.0020364337264654566
2020-05-22,AMZN,825,-0.0087412231605226744
2020-05-23,AAPL,378,-0.005916160110506297
2020-05-23,AMZN,260,-0.0092096038218867672
2020-05-24,AAPL,257,-0.0032279267982535218
2020-05-24,AMZN,274,-0.0084436258866648281
2020-05-25,AAPL,437,-0.0013928053205107174
2020-05-25,AMZN,278,-0.0049607948028769109
2020-05-26,AAPL,638,-0.00054106774266166567
2020-05-26,AMZN,461,-0.010815133416292609
2020-05-27,AAPL,698,-0.0021434853501760449
2020-05-27,AMZN,767,0.0041469371799043421
2020-05-28,AAPL,859,0.00020137422017749032
2020-05-28,AMZN,646,-0.0026681274386728526
2020-05-29,AAPL,683,-0.00019535112479770501
2020-05-29,AMZN,629,0.0081546567929183383
2020-05-30,AAPL,411,-0.005865294619137631
2020-05-30,AMZN,224,-0.0022212086120384942
2020-05-31,AAPL,308,-0.0092291477179259358
2020-05-31,AMZN,360,-0.0082625681359888622
2020-06-01,AAPL,753,-0.015909988839609021
2020-06-01,AMZN,538,-0.015818167062695995
2020-06-02,AAPL,703,-0.0081634852686617871
2020-06-02,AMZN,407,-0.0043279670769400666
2020-06-03,AAPL,749,-0.015312138463336422
2020-06-03,AMZN,549,-0.00488849374797344
2020-06-04,AAPL,713,-0.02167281292511344
2020-06-04,AMZN,752,-0.011241860477369444
2020-06-05,AAPL,574,-0.0097785124578465242
2020-06-05,AMZN,923,-0.0088785509493054977
2020-06-06,AAPL,360,-0.017187257475581415
2020-06-06,AMZN,467,-0.0056517141849212263
2020-06-07,AAPL,274,-0.010131510760196675
2020-06-07,AMZN,271,-0.00627290141096432
2020-06-08,AAPL,574,-0.0014566426801996069
2020-06-08,AMZN,386,-0.0032015407023164148
2020-06-09,AAPL,856,0.00089900468836041577
2020-06-09,AMZN,496,-0.011117910247718179
2020-06-10,AAPL,637,-0.00013566171348745019
2020-06-10,AMZN,637,-0.010816879543880838
2020-06-11,AAPL,698,0.0022631715649260257
2020-06-11,AMZN,1754,-0.025252400908895561
2020-06-12,AAPL,751,0.0018546746557189595
2020-06-12,AMZN,767,-0.01543458733020767
2020-06-13,AAPL,387,-0.0051237856049120879
2020-06-13,AMZN,423,-0.0048318479477424169
2020-06-14,AAPL,186,-0.0076784727965570152
2020-06-14,AMZN,167,-0.010570547496939111
2020-06-15,AAPL,612,-0.01107410869763748
2020-06-15,AMZN,540,0.0036804076303565804
2020-06-16,AAPL,1469,-0.012489306072820361
2020-06-16,AMZN,581,-0.00097582801589176673
2020-06-17,AAPL,761,-0.0038363964672397553
2020-06-17,AMZN,697,-0.005079388492309914
2020-06-18,AAPL,926,-0.0043640517710577071
2020-06-18,AMZN,678,-0.0045621814617049367
2020-06-19,AAPL,1227,-0.008811734004314337
2020-06-19,AMZN,487,-0.0043675549180914579
2020-06-20,AAPL,868,-0.011656693620644358
2020-06-20,AMZN,226,-0.0017688263947484497
2020-06-21,AAPL,342,-0.0037302851691988831
2020-06-21,AMZN,206,-0.0056715359499367561
2020-06-22,AAPL,2267,0.00464346687198381
2020-06-22,AMZN,650,0.0061062459280290639
2020-06-23,AAPL,2172,0.005841851304250396
2020-06-23,AMZN,959,-0.0010151456143543834
2020-06-24,AAPL,983,0.00388054828757841
2020-06-24,AMZN,781,-0.0034492006829533114
2020-06-25,AAPL,804,0.0025855668564732409
2020-06-25,AMZN,666,0.0044936906358437143
2020-06-26,AAPL,595,-0.00026052465922081172
2020-06-26,AMZN,925,0.0074044368023939927
2020-06-27,AAPL,295,-0.0022219237818944539
2020-06-27,AMZN,374,0.00043524991429729377
2020-06-28,AAPL,239,-0.0042647942596574237
2020-06-28,AMZN,349,0.0046993657451886647
2020-06-29,AAPL,752,0.0030009689695027616
2020-06-29,AMZN,867,-0.0057312592375067719
2020-06-30,AAPL,715,-0.00064425679280022245
2020-06-30,AMZN,816,-0.0055603274723873483
2020-07-01,AAPL,788,-0.0033340150125333455
2020-07-01,AMZN,664,0.0011466662502878763
2020-07-02,AAPL,697,-0.00464137915121774
2020-07-02,AMZN,659,-0.0070528278847940074
2020-07-03,AAPL,485,-0.0027656238163243064
2020-07-03,AMZN,493,-0.0054765338014193792
2020-07-04,AAPL,257,-0.00783161554315219
2020-07-04,AMZN,261,-0.01269377183596794
2020-07-05,AAPL,202,-0.0048755165870519859
2020-07-05,AMZN,201,-0.0067906560639244438
2020-07-06,AAPL,469,-0.0021875750823829544
2020-07-06,AMZN,412,0.00046447573603236559
2020-07-07,AAPL,613,-0.0037825687055304644
2020-07-07,AMZN,676,0.0061742512777060972
2020-07-08,AAPL,742,0.00029984433781640561
2020-07-08,AMZN,827,-0.011374481722910171
2020-07-09,AAPL,685,0.0027541028978029752
2020-07-09,AMZN,930,-0.01289554077960009
2020-07-10,AAPL,756,0.00018610830438612681
2020-07-10,AMZN,1085,-0.015262162504754947
2020-07-11,AAPL,321,-0.0084414669644040253
2020-07-11,AMZN,593,-0.020789345661395266
2020-07-12,AAPL,479,-0.026103846272268926
2020-07-12,AMZN,195,-0.011211080553288079
2020-07-13,AAPL,975,-0.012968850281104395
2020-07-13,AMZN,475,-0.0035544869030005432
2020-07-14,AAPL,926,-0.0040219675969070962
2020-07-14,AMZN,640,0.0022654965158897446
2020-07-15,AAPL,2374,-0.013959083623434248
2020-07-15,AMZN,717,0.0033312386138812681
2020-07-16,AAPL,1061,-0.0091181535597806441
2020-07-16,AMZN,804,-0.0067726091686317689
2020-07-17,AAPL,746,-0.001348671002479843
2020-07-17,AMZN,656,-0.011840136389803989
2020-07-18,AAPL,362,-0.0064217886328276326
2020-07-18,AMZN,457,-0.018934513731466786
2020-07-19,AAPL,245,-0.0020712183112867747
2020-07-19,AMZN,161,-0.0099218911995966469
2020-07-20,AAPL,687,-0.0031965243318521682
2020-07-20,AMZN,581,0.013100343309571017
2020-07-21,AAPL,816,0.0061995036700451759
2020-07-21,AMZN,877,0.013996996839325
2020-07-22,AAPL,788,-0.00307671557891354
2020-07-22,AMZN,779,0.007870243747579676
2020-07-23,AAPL,757,-0.010417289568743418
2020-07-23,AMZN,673,0.0059001121074401253
2020-07-24,AAPL,740,-0.0026439587656759754
2020-07-24,AMZN,605,0.0038089919745110156
2020-07-25,AAPL,361,-0.0047578158859398843
2020-07-25,AMZN,224,-0.0066450438279196554
2020-07-26,AAPL,281,-0.010443933684878981
2020-07-26,AMZN,245,-0.0051046131640660108
2020-07-27,AAPL,561,-0.0037990081331995339
2020-07-27,AMZN,583,5.3838464316270838e-05
2020-07-28,AAPL,796,0.0032907766429735624
2020-07-28,AMZN,917,0.0081189970973322371
2020-07-29,AAPL,937,-0.0020681085436649272
2020-07-29,AMZN,1008,-0.0010806475199220686
2020-07-30,AAPL,987,-0.0089723445466689047
2020-07-30,AMZN,988,-0.0011452695400951
2020-07-31,AAPL,1371,-0.00036895698363506206
2020-07-31,AMZN,1231,0.00762629276617849
2020-08-01,AAPL,768,-0.000985677303912784
2020-08-01,AMZN,398,-0.015009577753758822
2020-08-02,AAPL,632,-0.020893519221942838
2020-08-02,AMZN,379,-0.022979556469280158
2020-08-03,AAPL,970,-0.010140654493572163
2020-08-03,AMZN,512,0.0033658509286830719
2020-08-04,AAPL,972,-0.0046612794106498873
2020-08-04,AMZN,643,0.00029956660674139391
2020-08-05,AAPL,887,0.0007630712421294475
2020-08-05,AMZN,987,0.0070946449301655928
2020-08-06,AAPL,667,-0.0030373458117059311
2020-08-06,AMZN,812,0.0041327601278532316
2020-08-07,AAPL,580,-0.00262540647163171
2020-08-07,AMZN,935,0.016344507732178114
2020-08-08,AAPL,263,-0.0043996708316184317
2020-08-08,AMZN,336,0.0071466567666285752
2020-08-09,AAPL,227,-0.0062295398834243884
2020-08-09,AMZN,217,-0.0062720380895512429
2020-08-10,AAPL,850,-0.0070088320849413365
2020-08-10,AMZN,851,-0.01059040826464693
2020-08-11,AAPL,1131,-0.004940951642818308
2020-08-11,AMZN,854,0.0015675118164799207
2020-08-12,AAPL,1102,-0.0034587158356492263
2020-08-12,AMZN,686,-0.0079354352245868068
2020-08-13,AAPL,1223,-0.0053971819966457651
2020-08-13,AMZN,536,-0.0052983254717674623
2020-08-14,AAPL,1650,-0.01393768448491095
2020-08-14,AMZN,677,-0.0064158679015392794
2020-08-15,AAPL,480,-0.01324272436572637
2020-08-15,AMZN,212,-0.010710976649513849
2020-08-16,AAPL,228,-0.0072728575975167164
2020-08-16,AMZN,207,-0.0042650477837954809
2020-08-17,AAPL,822,0.00015412776019300525
2020-08-17,AMZN,631,-0.012306190595268645
2020-08-18,AAPL,1208,0.0071052736312231775
2020-08-18,AMZN,759,0.0010357467918328481
2020-08-19,AAPL,2005,0.0012370772222456022
2020-08-19,AMZN,949,0.0050687296958369585
2020-08-20,AAPL,1316,0.0025012536660680876
2020-08-20,AMZN,595,0.0010361631100713
2020-08-21,AAPL,908,-0.0064404696263669434
2020-08-21,AMZN,715,0.011210787386861369
2020-08-22,AAPL,564,-0.0043218879300460176
2020-08-22,AMZN,252,-0.0037042134083939953
2020-08-23,AAPL,397,-0.008023258458460171
2020-08-23,AMZN,182,-0.0032298224624625707
2020-08-24,AAPL,1145,-0.006880307099874838
2020-08-24,AMZN,642,0.01166442963055569
2020-08-25,AAPL,1209,-0.0050434489774609558
2020-08-25,AMZN,419,0.004092845998407476
2020-08-26,AAPL,941,-0.0010754030694405451
2020-08-26,AMZN,563,-0.0062264078106772629
2020-08-27,AAPL,788,-0.0011426535764444985
2020-08-27,AMZN,1001,0.0012712167642168228
2020-08-28,AAPL,885,-0.011982846896949957
2020-08-28,AMZN,1009,-0.0016974923757403853
2020-08-29,AAPL,459,-0.013875998483671595
2020-08-29,AMZN,375,-0.011605973570099636
2020-08-30,AAPL,254,-0.0027673101003947652
2020-08-30,AMZN,288,-0.021028309300628583
2020-08-31,AAPL,712,0.0016397582933862487
2020-08-31,AMZN,1007,-0.00056767061886461943
2020-09-01,AAPL,1117,0.0016658211862495996
2020-09-01,AMZN,1305,0.0018437511394213118
2020-09-02,AAPL,1091,-0.0019668165207781751
2020-09-02,AMZN,949,0.0021255423362665634
2020-09-03,AAPL,802,-0.0012502937978822891
2020-09-03,AMZN,989,0.0018275470650044689
2020-09-04,AAPL,876,-0.0074829041951156479
2020-09-04,AMZN,723,-0.00099290451374538929
2020-09-05,AAPL,262,-0.011040435917942669
2020-09-05,AMZN,427,-0.010419874125418085
2020-09-06,AAPL,192,-0.00438318852818984
2020-09-06,AMZN,384,-0.017458756102287018
2020-09-07,AAPL,623,-0.013600974728009604
2020-09-07,AMZN,595,-0.00956811916539534
2020-09-08,AAPL,1187,0.0021621888097971284
2020-09-08,AMZN,563,-0.00098197627854086883
2020-09-09,AAPL,1008,-0.00107371715214528
2020-09-09,AMZN,709,0.0021636393716973116
2020-09-10,AAPL,854,-0.0010837642828134925
2020-09-10,AMZN,1007,-0.00701469420426184
2020-09-11,AAPL,806,-0.001872476930350162
2020-09-11,AMZN,890,-0.014614186888928491
2020-09-12,AAPL,426,0.00186921512068769
2020-09-12,AMZN,320,-0.010848502382142767
2020-09-13,AAPL,307,0.000784109072424687
2020-09-13,AMZN,204,-0.013791603750295763
2020-09-14,AAPL,710,0.001249585719520393
2020-09-14,AMZN,909,0.0052239246260420841
2020-09-15,AAPL,2893,0.010262871559397582
2020-09-15,AMZN,777,0.011294569202478139
2020-09-16,AAPL,2000,0.00839371957350419
2020-09-16,AMZN,749,0.0052561411219168332
2020-09-17,AAPL,870,0.0059163728431418979
2020-09-17,AMZN,652,0.003311002931781415
2020-09-18,AAPL,1023,0.0035904010365250569
2020-09-18,AMZN,650,0.00952549853565422
2020-09-19,AAPL,414,0.0043871615076152282
2020-09-19,AMZN,553,-0.0027965892613597107
2020-09-20,AAPL,297,0.0036418084006281386
2020-09-20,AMZN,303,-0.0067387117478577389
2020-09-21,AAPL,536,0.0068657425316443043
2020-09-21,AMZN,551,-0.0019453259113997286
2020-09-22,AAPL,783,0.0065013312602599455
2020-09-22,AMZN,630,-0.001408745594097757
2020-09-23,AAPL,890,0.0064428964017357255
2020-09-23,AMZN,780,0.00245735953469023
2020-09-24,AAPL,737,0.00081907994688866883
2020-09-24,AMZN,1056,0.0080808232955449
2020-09-25,AAPL,942,-0.0029930892676131079
2020-09-25,AMZN,947,0.0036862066790887696
2020-09-26,AAPL,903,-0.025264721032305315
2020-09-26,AMZN,289,0.0025295407571867662
2020-09-27,AAPL,1045,-0.030066590862063973
2020-09-27,AMZN,217,-0.0069341779349301547
2020-09-28,AAPL,1070,0.021189014148578468
2020-09-28,AMZN,1451,0.0058799759471697462
2020-09-29,AAPL,812,-0.009344230437968469
2020-09-29,AMZN,1062,0.009422854926025799
2020-09-30,AAPL,640,-0.0093411266251193677
2020-09-30,AMZN,1078,-0.0068264396994094272
2020-10-01,AAPL,581,-0.00031124343139372809
2020-10-01,AMZN,923,0.00055417113032287717
2020-10-02,AAPL,604,0.002903837003078392
2020-10-02,AMZN,1095,-0.013031930981169764
2020-10-03,AAPL,227,-0.0014663622783477285
2020-10-03,AMZN,193,-0.00027207684036046069
2020-10-04,AAPL,205,-0.00051314510497779621
2020-10-04,AMZN,160,0.0080123975461907967
2020-10-05,AAPL,604,0.0029089794936078927
2020-10-05,AMZN,425,0.0045202557194097626
2020-10-06,AAPL,911,-0.0010213431553240144
2020-10-06,AMZN,691,0.019605987991000842
2020-10-07,AAPL,865,0.0040184098251852228
2020-10-07,AMZN,662,0.0074451653573240715
2020-10-08,AAPL,598,-0.00043281044234783864
2020-10-08,AMZN,591,0.010187089647519031
2020-10-09,AAPL,327,-0.0049520923752351632
2020-10-09,AMZN,375,-0.00027845431500968893
2020-10-10,AAPL,527,-0.0040150823637713556
2020-10-10,AMZN,310,0.00244162010610273
2020-10-11,AAPL,347,0.000494423049466523
2020-10-11,AMZN,274,0.006818840656222804
2020-10-12,AAPL,628,0.0060712879480790873
2020-10-12,AMZN,805,0.013283553680329623
2020-10-13,AAPL,2190,0.01127586751004216
2020-10-13,AMZN,2138,0.019040265229385372
2020-10-14,AAPL,1252,0.011180348321315516
2020-10-14,AMZN,1204,0.021676161061503049
2020-10-15,AAPL,724,0.0086286012362851942
2020-10-15,AMZN,539,0.017497225495144732
2020-10-16,AAPL,242,0.0050620569574625881
2020-10-16,AMZN,189,0.02165369768593485
2020-10-17,AAPL,319,0.013446961725395678
2020-10-17,AMZN,251,0.00423405553098165
2020-10-18,AAPL,218,0.0011545155745796515
2020-10-18,AMZN,149,0.0084586619374637743
2020-10-19,AAPL,408,0.0038334016429645221
2020-10-19,AMZN,407,0.01844660261755306
2020-10-20,AAPL,465,0.0022007851608332771
2020-10-20,AMZN,314,0.0081854538114197826
2020-10-21,AAPL,471,0.0016282395240973715
2020-10-21,AMZN,402,0.01193872556296972
2020-10-22,AAPL,609,0.0094211531541516617
2020-10-22,AMZN,287,0.011599847036630239
2020-10-23,AAPL,314,0.00701834048678709
2020-10-23,AMZN,166,0.0021091501142126508
2020-10-24,AAPL,171,0.0015729936547650575
2020-10-24,AMZN,87,0.0040952765059088158
2020-10-25,AAPL,176,-0.0049600960441977485
2020-10-25,AMZN,138,0.0046070814165776576
2020-10-26,AAPL,407,0.0008859795745568993
2020-10-26,AMZN,572,0.013272938261965675
2020-10-27,AAPL,403,-0.00358620713734392
2020-10-27,AMZN,293,0.013253100057787282
2020-10-28,AAPL,654,0.0066787242564700887
2020-10-28,AMZN,560,0.0064080542067998176
2020-10-29,AAPL,378,0.0029257190413934583
2020-10-29,AMZN,274,0.0071544516496188293
2020-10-30,AAPL,396,0.0079622682060403564
2020-10-30,AMZN,225,0.010076735351738515
2020-10-31,AAPL,163,0.00094702482654601282
2020-10-31,AMZN,104,-0.0084311189250179872
2020-11-01,AAPL,158,0.00010773353190774278
2020-11-01,AMZN,113,0.00022782056090932015
2020-11-02,AAPL,363,-0.0012331188577800176
2020-11-02,AMZN,325,-0.0038138974290984067
2020-11-03,AAPL,389,0.0059927492140438212
2020-11-03,AMZN,174,0.012749122269493388
2020-11-04,AAPL,286,0.0045012865256570146
2020-11-04,AMZN,221,0.0097991423367499424
2020-11-05,AAPL,290,-0.0069601146229768011
2020-11-05,AMZN,269,0.0081285023482547489
2020-11-06,AAPL,110,-0.0087258729212149923
2020-11-06,AMZN,93,0.0083402552715694349
2020-11-07,AAPL,67,0.010803471994776522
2020-11-07,AMZN,33,0.0033969037834380243
2020-11-08,AAPL,97,0.0033311408782664797
2020-11-08,AMZN,54,0.0080853581852087814
2020-11-09,AAPL,453,-0.0096597897655497141
2020-11-09,AMZN,238,0.0074372691844405252
2020-11-10,AAPL,440,0.0053288964672104687
2020-11-10,AMZN,538,-0.0012666274485776477
2020-11-11,AAPL,572,0.010317198089497817
2020-11-11,AMZN,310,-0.00055285362770175826
2020-11-12,AAPL,242,0.011241896475015811
2020-11-12,AMZN,198,0.009558953638630116
2020-11-13,AAPL,72,0.00095033058329808766
2020-11-13,AMZN,55,-0.0060928063640931333
2020-11-14,AAPL,37,-0.015499424379199813
2020-11-14,AMZN,11,0.0015275649585199643
2020-11-15,AAPL,49,0.01044981255924826
2020-11-15,AMZN,31,0.0033392326436566177
2020-11-16,AAPL,312,0.0020167489062049254
2020-11-16,AMZN,203,0.0045024668293654532
2020-11-17,AAPL,381,-0.0034779568975011658
2020-11-17,AMZN,374,0.0061216959163251745
2020-11-18,AAPL,1513,0.00010480354208734201
2020-11-18,AMZN,920,0.00931917259822545
2020-11-19,AAPL,1481,0.0041453934880822793
2020-11-19,AMZN,823,0.0062947195670358226
2020-11-20,AAPL,1189,0.0011178271978848041
2020-11-20,AMZN,1170,0.012647946107812252
2020-11-21,AAPL,428,0.0069554907912889622
2020-11-21,AMZN,338,0.0038257105782929777
2020-11-22,AAPL,251,0.0039266732774176881
2020-11-22,AMZN,285,0.0054828310808335712
2020-11-23,AAPL,608,0.0084789271683911212
2020-11-23,AMZN,619,0.0090007404760355687
2020-11-24,AAPL,869,-0.0098932753852989021
2020-11-24,AMZN,796,0.013178472659010626
2020-11-25,AAPL,587,0.0036484746252036615
2020-11-25,AMZN,724,0.0027944901352249074
2020-11-26,AAPL,630,0.0041206443217908523
2020-11-26,AMZN,948,0.0001338386613206768
2020-11-27,AAPL,614,0.014367122370860141
2020-11-27,AMZN,1120,0.00867500039097783
2020-11-28,AAPL,495,0.0100084336850837
2020-11-28,AMZN,496,0.0093536922136121681
2020-11-29,AAPL,264,0.013146266628718484
2020-11-29,AMZN,444,0.00064009372586490442
2020-11-30,AAPL,1020,-0.0020303674775778179
2020-11-30,AMZN,752,0.0071637217697698525
2020-12-01,AAPL,872,0.0077787359758534277
2020-12-01,AMZN,1223,-0.0044683898582836912
2020-12-02,AAPL,897,0.0083568216068013665
2020-12-02,AMZN,884,0.00214113407297789
2020-12-03,AAPL,873,0.0069155442250207096
2020-12-03,AMZN,744,0.0053081712921387355
2020-12-04,AAPL,625,0.00572518158867845
2020-12-04,AMZN,677,0.0050864178992599653
2020-12-05,AAPL,384,0.0093418690178521044
2020-12-05,AMZN,326,0.0018017587388428314
2020-12-06,AAPL,377,0.012917003548254825
2020-12-06,AMZN,301,-0.0014260630708228081
2020-12-07,AAPL,636,0.0061048675685063808
2020-12-07,AMZN,426,0.0075698172113278592
2020-12-08,AAPL,1228,0.0044659986398836223
2020-12-08,AMZN,585,0.00093205924937569517
2020-12-09,AAPL,1051,0.0058358288740323885
2020-12-09,AMZN,651,-0.0017689667343271937
2020-12-10,AAPL,695,-0.0021262115875222767
2020-12-10,AMZN,1025,0.000545081792594625
2020-12-11,AAPL,772,8.763141474547775e-05
2020-12-11,AMZN,499,0.0064881641086937383
2020-12-12,AAPL,381,0.0066729311301422
2020-12-12,AMZN,200,0.0043767741179716472
2020-12-13,AAPL,224,-0.00091616877112279537
2020-12-13,AMZN,162,-0.001758170556308459
2020-12-14,AAPL,793,-0.0020387110174600424
2020-12-14,AMZN,595,0.0041926691533201556
2020-12-15,AAPL,1002,0.0018746335844040661
2020-12-15,AMZN,878,-0.0032495605617474149
2020-12-16,AAPL,884,-0.0023842695332649171
2020-12-16,AMZN,745,0.004372679204880478
2020-12-17,AAPL,907,-0.0087503819683626329
2020-12-17,AMZN,609,0.0072794708986588562
2020-12-18,AAPL,761,0.0020722750620544507
2020-12-18,AMZN,587,0.0062062387263342759
2020-12-19,AAPL,435,-0.0063033276064376458
2020-12-19,AMZN,263,0.012711774535160788
2020-12-20,AAPL,390,-0.0062836784767577271
2020-12-20,AMZN,200,-0.00049844481635479508
2020-12-21,AAPL,809,-0.005067837925761127
2020-12-21,AMZN,766,0.0040123276204990571
2020-12-22,AAPL,1151,-9.2375700604113307e-05
2020-12-22,AMZN,468,0.007798371915071497
2020-12-23,AAPL,1287,-0.0014930383251587375
2020-12-23,AMZN,537,0.0063735428427158314
2020-12-24,AAPL,490,-0.0023143513380452659
2020-12-24,AMZN,308,0.002422096944710754
2020-12-25,AAPL,269,-0.00083591484823186538
2020-12-25,AMZN,179,-0.003262913523043939
2020-12-26,AAPL,256,-0.0013695655617567857
2020-12-26,AMZN,170,-0.0059264533194126811
2020-12-27,AAPL,315,5.3545015207984763e-05
2020-12-27,AMZN,166,0.00042563301773355759
2020-12-28,AAPL,443,0.005404072655481376
2020-12-28,AMZN,293,0.0073968963250391848
2020-12-29,AAPL,485,8.05303484073777e-06
2020-12-29,AMZN,383,0.0048184564241464259
2020-12-30,AAPL,546,-0.0051634860052226766
2020-12-30,AMZN,379,0.0020782530108247313
2020-12-31,AAPL,457,-0.0021417735095709029
2020-12-31,AMZN,369,-0.00097084594654971179
2021-01-01,AAPL,187,-0.0023403759564702407
2021-01-01,AMZN,197,0.0024833755149159258
2021-01-02,AAPL,162,-0.00027300275022118764
2021-01-02,AMZN,181,0.00026623150385162629
2021-01-03,AAPL,163,-0.0017512846324711283
2021-01-03,AMZN,149,-0.0011287309558325757
2021-01-04,AAPL,518,0.0065374901737450582
2021-01-04,AMZN,456,0.0032149861333564743
2021-01-05,AAPL,623,0.00012589139283497859
2021-01-05,AMZN,763,0.0016637489385792192
2021-01-06,AAPL,701,0.0026317386594753261
2021-01-06,AMZN,676,0.00086672843605970786
2021-01-07,AAPL,503,0.00168024783396875
2021-01-07,AMZN,485,0.0034631212589510169
2021-01-08,AAPL,898,0.0012309376945186204
2021-01-08,AMZN,402,0.002051263648118455
2021-01-09,AAPL,473,-0.020219880099553902
2021-01-09,AMZN,211,-0.00021030359169178528
2021-01-10,AAPL,933,-0.027778567743554351
2021-01-10,AMZN,693,-0.029174078658030358
2021-01-11,AAPL,735,-0.0076252831168925356
2021-01-11,AMZN,1023,-0.017928473629893339
2021-01-12,AAPL,467,0.0032876282383552044
2021-01-12,AMZN,682,-0.017133285565031627
2021-01-13,AAPL,753,0.0019876693821479926
2021-01-13,AMZN,918,-0.017721452659573877
2021-01-14,AAPL,549,-0.00026222428819961757
2021-01-14,AMZN,842,-0.014011804688020305
2021-01-15,AAPL,775,0.0021537425090985105
2021-01-15,AMZN,1099,-0.010617195430036232
2021-01-16,AAPL,408,0.00047953983745313669
2021-01-16,AMZN,501,-0.011379981406005496
2021-01-17,AAPL,293,-0.0033200721588878043
2021-01-17,AMZN,277,-0.01434651475713029
2021-01-18,AAPL,701,-0.0054157685162946612
2021-01-18,AMZN,581,-0.0043418202317261224
2021-01-19,AAPL,589,-0.0005383543749838401
2021-01-19,AMZN,601,-1.7219026459288054e-05
2021-01-20,AAPL,404,0.00092175729070307158
2021-01-20,AMZN,656,-0.0042062365784639811
2021-01-21,AAPL,745,-0.00169691703671553
2021-01-21,AMZN,1220,0.0013955468885695262
2021-01-22,AAPL,647,0.0047327679559698377
2021-01-22,AMZN,1111,-0.015690142262227067
2021-01-23,AAPL,302,0.0001702856575538623
2021-01-23,AMZN,361,-0.010543897370728089
2021-01-24,AAPL,208,0.0017881020534814467
2021-01-24,AMZN,374,-0.010312314390706618
2021-01-25,AAPL,780,-0.0007186997721898862
2021-01-25,AMZN,553,-0.0048580288243048574
2021-01-26,AAPL,1108,0.00069716252681614787
2021-01-26,AMZN,659,-0.002664094837598008
2021-01-27,AAPL,1313,-0.0048412289939614109
2021-01-27,AMZN,794,-0.0018827203765072224
2021-01-28,AAPL,2086,-0.0009007380179654451
2021-01-28,AMZN,625,-0.0035488740852240136
2021-01-29,AAPL,886,-0.0037004126830613437
2021-01-29,AMZN,531,0.0020888738441832365
2021-01-30,AAPL,328,-0.00026468753338425527
2021-01-30,AMZN,380,-0.009964494908954534
2021-01-31,AAPL,266,-0.00420307305951078
2021-01-31,AMZN,298,0.0014956111129166567
2021-02-01,AAPL,844,-0.0028547966506951156
2021-02-01,AMZN,550,0.00816978806556418
2021-02-02,AAPL,767,0.0032576025720872609
2021-02-02,AMZN,1810,0.0073743754474169766
2021-02-03,AAPL,901,6.3736831064453624e-05
2021-02-03,AMZN,3571,0.00610087571254988
2021-02-04,AAPL,878,-0.0067105518003477771
2021-02-04,AMZN,1018,0.0036767229882785388
2021-02-05,AAPL,726,0.0026430041642668206
2021-02-05,AMZN,652,0.00095637542726459618
2021-02-06,AAPL,324,0.00076748135027348066
2021-02-06,AMZN,308,-0.0018020315119365972
2021-02-07,AAPL,268,-0.00094782269721845839
2021-02-07,AMZN,409,-0.010893288291644673
2021-02-08,AAPL,949,-0.0011255112059077566
2021-02-08,AMZN,730,0.0072606827810312033
2021-02-09,AAPL,727,-0.00074574007628058487
2021-02-09,AMZN,691,0.007406090363091155
2021-02-10,AAPL,782,-0.0011950622175542318
2021-02-10,AMZN,658,0.01051965734983314
2021-02-11,AAPL,569,0.00031764360874895082
2021-02-11,AMZN,616,-0.00086127630511837817
2021-02-12,AAPL,545,0.0013732073474034179
2021-02-12,AMZN,867,-0.0057811482504433829
2021-02-13,AAPL,344,-0.00044406921018817238
2021-02-13,AMZN,512,0.00158399558190888
2021-02-14,AAPL,287,-0.0013666033109090991
2021-02-14,AMZN,218,-0.00083357058812209514
2021-02-15,AAPL,699,-0.0026460386192785311
2021-02-15,AMZN,362,-0.00048713091010089689
2021-02-16,AAPL,600,0.0005456301019609801
2021-02-16,AMZN,547,0.00036750423236148075
2021-02-17,AAPL,925,-0.004648768778233307
2021-02-17,AMZN,1013,-0.015847863158551197
2021-02-18,AAPL,717,0.00081073589632403315
2021-02-18,AMZN,711,-0.00047523314187348739
2021-02-19,AAPL,759,0.0020032509750991085
2021-02-19,AMZN,548,0.0054279084893989775
2021-02-20,AAPL,425,-0.0038906887646387215
2021-02-20,AMZN,321,-0.0076476822829185786
2021-02-21,AAPL,314,-0.0051212504000372342
2021-02-21,AMZN,282,-0.0095699058234814168
2021-02-22,AAPL,699,-0.0029022118201587621
2021-02-22,AMZN,497,0.0048633722010319727
2021-02-23,AAPL,696,-0.00095880917987819364
2021-02-23,AMZN,604,-0.0016597426681135047
2021-02-24,AAPL,637,0.001328841448119841
2021-02-24,AMZN,508,-5.9384140572048386e-05
2021-02-25,AAPL,606,0.0065160252583230287
2021-02-25,AMZN,557,0.0024803887379556294
2021-02-26,AAPL,593,-0.00092770475783548556
2021-02-26,AMZN,515,0.0048682213698760177
2021-02-27,AAPL,256,-0.00022472362095423651
2021-02-27,AMZN,259,0.001894377274242149
2021-02-28,AAPL,233,0.0024770138185334907
2021-02-28,AMZN,340,0.0059689931921593125
2021-03-01,AAPL,556,0.0013951645760816708
2021-03-01,AMZN,764,0.0018941156974609493
2021-03-02,AAPL,685,-0.000927332148416444
2021-03-02,AMZN,816,-0.0073130992546292916
2021-03-03,AAPL,624,0.00044288034302048467
2021-03-03,AMZN,949,-0.0062471053929378526
2021-03-04,AAPL,913,-0.0035364822257550545
2021-03-04,AMZN,962,-0.00018856970265517122
2021-03-05,AAPL,589,-0.00074173660303312062
2021-03-05,AMZN,750,0.0039802280667729385
2021-03-06,AAPL,323,-0.0031207105312959157
2021-03-06,AMZN,327,-0.00038168434346420269
2021-03-07,AAPL,292,-0.001846184737477207
2021-03-07,AMZN,178,0.0036452012685255796
2021-03-08,AAPL,913,0.015731433104441053
2021-03-08,AMZN,479,0.010621234054863919
2021-03-09,AAPL,882,0.00072607554061609883
2021-03-09,AMZN,504,0.010104483361575522
2021-03-10,AAPL,879,0.0012832519723304492
2021-03-10,AMZN,597,0.013310049009463655
2021-03-11,AAPL,868,-0.00074027724249603932
2021-03-11,AMZN,534,-0.0012274004928355666
2021-03-12,AAPL,653,-0.00090020308447937155
2021-03-12,AMZN,764,-0.002472394900115615
2021-03-13,AAPL,362,0.0058717640497226416
2021-03-13,AMZN,367,-0.0034259179258715011
2021-03-14,AAPL,256,0.00388954883916485
2021-03-14,AMZN,246,-0.008326982657845582
2021-03-15,AAPL,472,0.0023541810987227057
2021-03-15,AMZN,426,0.002348032024644921
2021-03-16,AAPL,655,-0.00026831456633831258
2021-03-16,AMZN,502,0.0043993882698198754
2021-03-17,AAPL,773,-0.0027559110172922382
2021-03-17,AMZN,775,0.008828229091415677
2021-03-18,AAPL,758,0.0067376501424948072
2021-03-18,AMZN,706,-0.00059441747095792411
2021-03-19,AAPL,679,6.3233759960288719e-05
2021-03-19,AMZN,701,0.0022563851009478309
2021-03-20,AAPL,363,-0.0073108545312259056
2021-03-20,AMZN,301,0.0040570982931138469
2021-03-21,AAPL,328,-0.00982405534866891
2021-03-21,AMZN,191,-0.0025552552937272389
2021-03-22,AAPL,617,-0.0081056971907423423
2021-03-22,AMZN,800,-0.0028191735767985203
2021-03-23,AAPL,642,-0.0013079093431375389
2021-03-23,AMZN,707,0.004860991380916585
2021-03-24,AAPL,641,-0.005275743553259161
2021-03-24,AMZN,649,0.0071728635247770281
2021-03-25,AAPL,580,-0.0059353111165008415
2021-03-25,AMZN,782,0.0060575308454489428
2021-03-26,AAPL,533,0.00035070137276501788
2021-03-26,AMZN,839,0.00058715176648626178
2021-03-27,AAPL,254,-0.0016736802814098979
2021-03-27,AMZN,431,-0.004056064262299007
2021-03-28,AAPL,185,-0.0088531644992339339
2021-03-28,AMZN,348,-0.0066993805098360367
2021-03-29,AAPL,476,-0.004859101995045593
2021-03-29,AMZN,912,-0.0032565984668324333
2021-03-30,AAPL,895,-0.0017548775458826947
2021-03-30,AMZN,788,-0.00056359407773749325
2021-03-31,AAPL,901,0.0009142482565346209
2021-03-31,AMZN,762,0.0012130180298499306
2021-04-01,AAPL,657,0.00029757953621935187
2021-04-01,AMZN,584,-0.0026833085778872248
2021-04-02,AAPL,477,-0.001751564160146271
2021-04-02,AMZN,357,-0.00035665747332390738
2021-04-03,AAPL,237,-0.001905656452243104
2021-04-03,AMZN,495,-0.017551159397205356
2021-04-04,AAPL,183,0.0032924574939799623
2021-04-04,AMZN,457,-0.019179235291195723
2021-04-05,AAPL,449,-0.00124689349777906
2021-04-05,AMZN,547,-0.019282605360574682
2021-04-06,AAPL,605,0.0084995793036533283
2021-04-06,AMZN,728,-0.013267348810469889
2021-04-07,AAPL,686,0.00079566340341273188
2021-04-07,AMZN,713,-0.0046637582752781454
2021-04-08,AAPL,654,-0.0097559481506225357
2021-04-08,AMZN,733,-0.00077192975947473232
2021-04-09,AAPL,630,-0.0035012842677745034
2021-04-09,AMZN,1698,-0.012834101921611383
2021-04-10,AAPL,218,0.0014300201844481041
2021-04-10,AMZN,684,-0.013648867372474617
2021-04-11,AAPL,157,-0.0088880690857149371
2021-04-11,AMZN,230,-0.0087019885027383274
2021-04-12,AAPL,571,0.0010929592379624938
2021-04-12,AMZN,582,-0.0033665566295295528
2021-04-13,AAPL,834,0.0050807394824890825
2021-04-13,AMZN,538,0.0039378052202612215
2021-04-14,AAPL,658,0.0038348837596948369
2021-04-14,AMZN,766,-0.0027617775986970086
2021-04-15,AAPL,658,0.0068469013982233456
2021-04-15,AMZN,904,0.0044191038967923355
2021-04-16,AAPL,579,0.00877525216574823
2021-04-16,AMZN,881,-0.0036133978532016811
2021-04-17,AAPL,281,0.0072294111030452388
2021-04-17,AMZN,323,-0.001289816397983236
2021-04-18,AAPL,198,0.00041029899158657166
2021-04-18,AMZN,228,0.0020113104809398688
2021-04-19,AAPL,656,0.0010776903695822061
2021-04-19,AMZN,637,-0.00046168950379646905
2021-04-20,AAPL,2104,0.010521080076990893
2021-04-20,AMZN,602,0.00881887730363152
2021-04-21,AAPL,1755,0.0067838106975680185
2021-04-21,AMZN,761,0.0062872892847767627
2021-04-22,AAPL,982,0.00046638961611484956
2021-04-22,AMZN,612,0.003743192716230618
2021-04-23,AAPL,755,-0.0070347827109906924
2021-04-23,AMZN,471,0.0054959152005816915
2021-04-24,AAPL,335,0.0048222328126626083
2021-04-24,AMZN,253,-0.0010846337525187235
2021-04-25,AAPL,343,-0.0057413810031900691
2021-04-25,AMZN,148,0.0017318413561323498
2021-04-26,AAPL,1638,0.0025672323097500347
2021-04-26,AMZN,458,-0.0015233073007982951
2021-04-27,AAPL,1417,-0.0039570167965185549
2021-04-27,AMZN,559,0.0040574415528642476
2021-04-28,AAPL,1124,-0.00098343784564968329
2021-04-28,AMZN,592,-0.0015643196293890862
2021-04-29,AAPL,1211,0.0052358724179248075
2021-04-29,AMZN,947,0.0032434210870265845
2021-04-30,AAPL,1526,-0.022029459508095289
2021-04-30,AMZN,986,0.00440110919362916
2021-05-01,AAPL,383,-0.0068707766861377823
2021-05-01,AMZN,234,-0.0027383000485365458
2021-05-02,AAPL,545,-0.017603073783485881
2021-05-02,AMZN,223,-0.00020328279242983616
2021-05-03,AAPL,1534,-0.016483433986800921
2021-05-03,AMZN,525,-0.0039349900926652793
2021-05-04,AAPL,1012,-0.0053959423619349047
2021-05-04,AMZN,533,-0.0025347881397312193
2021-05-05,AAPL,647,-0.0030666781848157545
2021-05-05,AMZN,586,0.00075839066232320047
2021-05-06,AAPL,658,-0.0013629143599671492
2021-05-06,AMZN,699,0.003454834650323584
2021-05-07,AAPL,712,-0.0043972597841180619
2021-05-07,AMZN,694,-0.0024320207138471706
2021-05-08,AAPL,259,-0.00468226606400299
2021-05-08,AMZN,421,-0.0064301491159353867
2021-05-09,AAPL,314,0.013883545656979794
2021-05-09,AMZN,215,0.0027228050893284912
2021-05-10,AAPL,875,0.0036173369243419863
2021-05-10,AMZN,976,-0.019229740736126929
2021-05-11,AAPL,957,-0.0068606059416122028
2021-05-11,AMZN,744,-0.018457216103930248
2021-05-12,AAPL,669,-0.0088189649030379815
2021-05-12,AMZN,1326,-0.0088228615161452285
2021-05-13,AAPL,592,-0.0065733622315488115
2021-05-13,AMZN,903,0.0025423538570584878
2021-05-14,AAPL,544,-0.003441616498757578
2021-05-14,AMZN,816,0.0061995026635997541
2021-05-15,AAPL,395,-0.012566429245645494
2021-05-15,AMZN,305,0.00075635862594575654
2021-05-16,AAPL,250,-0.002194014068009037
2021-05-16,AMZN,244,-0.0054083030318292777
2021-05-17,AAPL,748,0.0071159317649759149
2021-05-17,AMZN,545,0.0050930032983959855
2021-05-18,AAPL,888,0.0065053117868741949
2021-05-18,AMZN,1140,-0.0047284238955054379
2021-05-19,AAPL,702,0.0034374244059454328
2021-05-19,AMZN,771,-0.0092357634742967834
2021-05-20,AAPL,757,0.00179535244711814
2021-05-20,AMZN,530,-0.002827419560320166
2021-05-21,AAPL,1083,-0.00200235960527242
2021-05-21,AMZN,815,-0.002969554509208249
2021-05-22,AAPL,526,-0.0039714903156327069
2021-05-22,AMZN,239,0.0021590175910468691
2021-05-23,AAPL,234,0.00092255717591048026
2021-05-23,AMZN,252,-0.0062999939191845473
2021-05-24,AAPL,546,0.00025263526614940896
2021-05-24,AMZN,414,0.0077921980485479289
2021-05-25,AAPL,677,0.0010131671969519521
2021-05-25,AMZN,751,-0.0048153597728416795
2021-05-26,AAPL,570,0.0035183245505873055
2021-05-26,AMZN,2366,0.010406346718878426
2021-05-27,AAPL,518,0.0028334006270705281
2021-05-27,AMZN,1285,0.0011824740408504046
2021-05-28,AAPL,510,0.0018790553406083082
2021-05-28,AMZN,634,0.0024626514871790742
2021-05-29,AAPL,299,0.0021376319129664265
2021-05-29,AMZN,309,-0.0020610011978597466
2021-05-30,AAPL,203,-0.003228298010313357
2021-05-30,AMZN,249,0.01171085320099793
2021-05-31,AAPL,385,-0.00218542483207461
2021-05-31,AMZN,358,-0.000442562936938334
2021-06-01,AAPL,568,0.0045954590381072679
2021-06-01,AMZN,598,-0.0017215152270164073
2021-06-02,AAPL,621,0.0044453088832022243
2021-06-02,AMZN,1973,0.0020942073770168911
2021-06-03,AAPL,627,0.0035954906167877357
2021-06-03,AMZN,765,0.0064058543047548931
2021-06-04,AAPL,800,-0.0050541956451710139
2021-06-04,AMZN,570,0.0044616780818893757
2021-06-05,AAPL,420,-0.0018735083826278891
2021-06-05,AMZN,315,-0.0078565350934154121
2021-06-06,AAPL,268,0.0028580079820837304
2021-06-06,AMZN,256,-0.013257511849827579
2021-06-07,AAPL,1597,0.0073343657790626493
2021-06-07,AMZN,1092,0.00199505957707244
2021-06-08,AAPL,1823,0.0065637237548371447
2021-06-08,AMZN,1224,-0.013876819227732642
2021-06-09,AAPL,827,0.00051572952438430576
2021-06-09,AMZN,742,0.0072018798399323
2021-06-10,AAPL,679,-0.003609186831709907
2021-06-10,AMZN,960,-0.0018988175821774624
2021-06-11,AAPL,937,-0.00047563862853060529
2021-06-11,AMZN,846,-0.0032979785927833645
2021-06-12,AAPL,495,-0.0080672288833668736
2021-06-12,AMZN,286,0.00020702029291897234
2021-06-13,AAPL,420,-0.015447055497840981
2021-06-13,AMZN,300,-0.018401822701793257
2021-06-14,AAPL,655,0.00035603810457567335
2021-06-14,AMZN,490,0.0050988445948658648
2021-06-15,AAPL,980,-0.00037637277594383326
2021-06-15,AMZN,641,0.0053230501424572719
2021-06-16,AAPL,671,0.00075282080966595686
2021-06-16,AMZN,743,0.0049227278598974649
2021-06-17,AAPL,1219,-0.029058482710743173
2021-06-17,AMZN,683,0.0056563542049821178
2021-06-18,AAPL,626,-0.0073050746807799653
2021-06-18,AMZN,676,0.0090259562100136886
2021-06-19,AAPL,706,-0.033579851930236521
2021-06-19,AMZN,404,-0.000410148495053954
2021-06-20,AAPL,285,-0.0077926399843709707
2021-06-20,AMZN,462,0.01458838501675447
2021-06-21,AAPL,1008,-0.01327206083228895
2021-06-21,AMZN,2349,0.015614846945793157
2021-06-22,AAPL,695,0.0014248114749268429
2021-06-22,AMZN,1779,0.012045113223911556
2021-06-23,AAPL,1521,-0.019708148659946457
2021-06-23,AMZN,983,0.0013479705220822073
2021-06-24,AAPL,1270,-0.0097135277309453871
2021-06-24,AMZN,727,3.6314842990529546e-05
2021-06-25,AAPL,592,-0.0028400429562967619
2021-06-25,AMZN,908,-0.016728526866466302
2021-06-26,AAPL,247,-0.00850481283431885
2021-06-26,AMZN,228,-0.0058435047064214034
2021-06-27,AAPL,275,-0.01257070943477588
2021-06-27,AMZN,251,-0.0060836692117641382
2021-06-28,AAPL,823,-0.011542710531826416
2021-06-28,AMZN,489,0.0071137213549703673
2021-06-29,AAPL,648,-0.0051665165471496306
2021-06-29,AMZN,816,-0.0033775046243535722
2021-06-30,AAPL,637,0.0042666443674456512
2021-06-30,AMZN,606,-0.0028517525323479205
2021-07-01,AAPL,548,0.0044965413754258837
2021-07-01,AMZN,670,-0.0046792869968120768
2021-07-02,AAPL,543,0.002476202645862242
2021-07-02,AMZN,605,-0.0068963862080487076
2021-07-03,AAPL,217,-0.0030643518661292351
2021-07-03,AMZN,310,-0.0036414153799704278
2021-07-04,AAPL,236,-0.018895720320711552
2021-07-04,AMZN,479,-0.0033097648087703933
2021-07-05,AAPL,370,-0.0017625371274771883
2021-07-05,AMZN,1135,0.0023966507638248408
2021-07-06,AAPL,465,-0.00061518678400867665
2021-07-06,AMZN,939,-0.00021812726552931106
2021-07-07,AAPL,439,0.0020448328176988538
2021-07-07,AMZN,739,0.0037955624612440154
2021-07-08,AAPL,492,0.0044883270572372977
2021-07-08,AMZN,525,0.00094458993388997774
2021-07-09,AAPL,516,0.0013621599102077195
2021-07-09,AMZN,536,8.0408194805043631e-05
2021-07-10,AAPL,298,-0.0062195428196742163
2021-07-10,AMZN,230,-0.0023503848273328772
2021-07-11,AAPL,212,0.0057425420638254837
2021-07-11,AMZN,164,0.0051444508421389463
2021-07-12,AAPL,700,-0.017936050276744973
2021-07-12,AMZN,470,0.0021897096660343854
2021-07-13,AAPL,549,0.0012126567984049555
2021-07-13,AMZN,451,0.0033431138636296097
2021-07-14,AAPL,858,0.0028782920062485409
2021-07-14,AMZN,668,-0.0019820060635314168
2021-07-15,AAPL,574,0.0028753816693002777
2021-07-15,AMZN,968,-0.011831102575316652
2021-07-16,AAPL,773,0.003143867086560035
2021-07-16,AMZN,575,-0.0069973379564081863
2021-07-17,AAPL,305,-0.0080062613967666254
2021-07-17,AMZN,334,-0.015059363436455177
2021-07-18,AAPL,269,0.0040972820324589624
2021-07-18,AMZN,178,-0.0022753668100986444
2021-07-19,AAPL,472,-0.00072565310815266276
2021-07-19,AMZN,477,-0.0040445952637786784
2021-07-20,AAPL,808,-0.00098371829296019816
2021-07-20,AMZN,1065,0.007037988774636455
2021-07-21,AAPL,816,-0.027266566032993232
2021-07-21,AMZN,868,0.007507069967015916
2021-07-22,AAPL,548,-0.0030768627663813751
2021-07-22,AMZN,788,-0.00175207554838671
2021-07-23,AAPL,517,0.00413876188232757
2021-07-23,AMZN,657,-0.0015849739733818865
2021-07-24,AAPL,237,0.00022363586969356095
2021-07-24,AMZN,295,-0.00027018869836789149
2021-07-25,AAPL,185,0.003745950848479741
2021-07-25,AMZN,216,0.0092115150486535239
2021-07-26,AAPL,614,0.002552732523298479
2021-07-26,AMZN,750,0.0046396724666777538
2021-07-27,AAPL,799,0.0029562358724214977
2021-07-27,AMZN,690,0.0040759693388002314
2021-07-28,AAPL,1120,0.0028892584042475452
2021-07-28,AMZN,428,0.0025753500915247658
2021-07-29,AAPL,544,-4.3631586231266435e-05
2021-07-29,AMZN,617,0.0036981984710339876
2021-07-30,AAPL,422,-0.0065155491388161242
2021-07-30,AMZN,1243,-0.007077752395749798
2021-07-31,AAPL,216,-0.011746465090164571
2021-07-31,AMZN,329,-0.008456245616178016
2021-08-01,AAPL,216,-0.0089192905001293735
2021-08-01,AMZN,163,-0.0027370680461126598
2021-08-02,AAPL,434,0.0035116530770137569
2021-08-02,AMZN,532,0.0073317670909086282
2021-08-03,AAPL,543,0.004370876834511905
2021-08-03,AMZN,894,0.0024099918383433281
2021-08-04,AAPL,510,0.0052625226169014504
2021-08-04,AMZN,557,0.0032993173296520209
2021-08-05,AAPL,879,-0.010634695099510016
2021-08-05,AMZN,644,-0.0011359461246452538
2021-08-06,AAPL,945,-0.020400327636100574
2021-08-06,AMZN,775,-0.0079235055719670874
2021-08-07,AAPL,272,-0.018369788141557514
2021-08-07,AMZN,185,0.0034268910833209327
2021-08-08,AAPL,203,-0.0092290657336115481
2021-08-08,AMZN,122,0.0093693029520586918
2021-08-09,AAPL,588,-0.0035215639699146283
2021-08-09,AMZN,413,-0.0015345468727112489
2021-08-10,AAPL,1329,-0.0065443485268591728
2021-08-10,AMZN,582,-0.0026551463353034262
2021-08-11,AAPL,510,-0.0060643442829912391
2021-08-11,AMZN,412,-0.0010701125864163456
2021-08-12,AAPL,497,-0.000498519155091881
2021-08-12,AMZN,370,0.012427182255559877
2021-08-13,AAPL,505,-0.0079501434068474618
2021-08-13,AMZN,646,0.010694112334290958
2021-08-14,AAPL,265,-0.015111845930358393
2021-08-14,AMZN,114,0.0072066367956333159
2021-08-15,AAPL,130,-0.015822383549594633
2021-08-15,AMZN,79,-0.0020027144937507565
2021-08-16,AAPL,460,-0.00042910787574727333
2021-08-16,AMZN,223,0.0095810941273899042
2021-08-17,AAPL,556,-0.00012444871488340129
2021-08-17,AMZN,250,0.0053440776204684657
2021-08-18,AAPL,388,-0.0039546382517843988
2021-08-18,AMZN,253,0.00656019777612345
2021-08-19,AAPL,651,-0.0096274235393112445
2021-08-19,AMZN,741,0.01024575816168472
2021-08-20,AAPL,697,-0.0079224842984255486
2021-08-20,AMZN,487,0.0021831084856814434
2021-08-21,AAPL,284,-0.007578330222399325
2021-08-21,AMZN,199,0.00499715977258466
2021-08-22,AAPL,280,0.0027219475137658143
2021-08-22,AMZN,121,0.00099170417857504922
2021-08-23,AAPL,601,-0.0012822917032206138
2021-08-23,AMZN,395,0.0053891143605776445
2021-08-24,AAPL,1114,-0.0095456339773649229
2021-08-24,AMZN,432,-0.0024451531406770848
2021-08-25,AAPL,755,5.9257268809062349e-05
2021-08-25,AMZN,488,0.0054470871479505665
2021-08-26,AAPL,676,0.0031032587128986306
2021-08-26,AMZN,485,-0.0059172478586682871
2021-08-27,AAPL,1288,0.00086362413840116619
2021-08-27,AMZN,506,0.0046413120583015362
2021-08-28,AAPL,525,-0.00082227661121515557
2021-08-28,AMZN,274,-0.01290839922917837
2021-08-29,AAPL,279,0.0004733724709559072
2021-08-29,AMZN,149,-0.000178274378682264
2021-08-30,AAPL,840,0.00545565444493345
2021-08-30,AMZN,493,0.0065479497966213305
2021-08-31,AAPL,1129,-0.00014146630004718664
2021-08-31,AMZN,385,0.000408848251059964
2021-09-01,AAPL,901,-0.0011217769998163251
2021-09-01,AMZN,690,0.0025013831407956896
2021-09-02,AAPL,1375,-0.012233325554767936
2021-09-02,AMZN,643,-0.00032609191917556686
2021-09-03,AAPL,1752,-0.016370867737817259
2021-09-03,AMZN,557,-0.00073808066215485981
2021-09-04,AAPL,602,-0.016425260599150747
2021-09-04,AMZN,224,-0.00010709395674435816
2021-09-05,AAPL,314,-0.0041467964765338405
2021-09-05,AMZN,260,-0.0037714982304413395
2021-09-06,AAPL,498,-0.0043789703741355292
2021-09-06,AMZN,383,0.0036728892788207724
2021-09-07,AAPL,905,0.0061788668731965167
2021-09-07,AMZN,435,0.0046226033593094757
2021-09-08,AAPL,895,0.0035158517599362376
2021-09-08,AMZN,767,0.0044891170485971367
2021-09-09,AAPL,629,0.0025708732624704633
2021-09-09,AMZN,880,4.1065101543157719e-05
2021-09-10,AAPL,1800,-0.0092546236405322366
2021-09-10,AMZN,764,0.002745245910369694
2021-09-11,AAPL,770,-0.012946133980303514
2021-09-11,AMZN,261,0.0012869168355325426
2021-09-12,AAPL,454,-0.0048803685464644956
2021-09-12,AMZN,159,0.0021061701872583383
2021-09-13,AAPL,1270,-0.011332870181342656
2021-09-13,AMZN,477,0.00037376125405975052
2021-09-14,AAPL,3910,-0.0025969549711729141
2021-09-14,AMZN,1001,0.0029109795914185853
2021-09-15,AAPL,1837,0.008429138904671854
2021-09-15,AMZN,590,0.0089050660128874234
2021-09-16,AAPL,796,0.00358983279137437
2021-09-16,AMZN,470,0.011833298415970443
2021-09-17,AAPL,1061,-0.0087377029455278921
2021-09-17,AMZN,472,0.006390881477355761
2021-09-18,AAPL,415,-0.0087784768853262415
2021-09-18,AMZN,155,0.0043698928651098243
2021-09-19,AAPL,262,-0.0091495071578841011
2021-09-19,AMZN,245,0.006543657771753082
2021-09-20,AAPL,724,0.0069827900560244681
2021-09-20,AMZN,552,-0.0041939805944114176
2021-09-21,AAPL,835,0.0028346180777762773
2021-09-21,AMZN,646,-0.0053369948996475911
2021-09-22,AAPL,1031,-0.0024890981024683822
2021-09-22,AMZN,746,6.1856208059878027e-06
2021-09-23,AAPL,1372,-0.014919542442377046
2021-09-23,AMZN,701,0.0030038582066337334
2021-09-24,AAPL,860,-0.0022753640729985839
2021-09-24,AMZN,488,0.0091777321769951955
2021-09-25,AAPL,411,-0.0031140394436584167
2021-09-25,AMZN,333,0.01658483653443326
2021-09-26,AAPL,336,0.002252323471165146
2021-09-26,AMZN,197,0.0018651249309256132
2021-09-27,AAPL,1026,0.0010080118998764538
2021-09-27,AMZN,561,-0.0020291245599038913
2021-09-28,AAPL,828,0.0020706389103280361
2021-09-28,AMZN,1222,-0.0050096188874196148
2021-09-29,AAPL,735,-0.0029153168557347572
2021-09-29,AMZN,1083,0.0069184436833658845
2021-09-30,AAPL,776,-0.0049818586731416991
2021-09-30,AMZN,716,0.0020757955646834958
2021-10-01,AAPL,679,0.00078016969641010606
2021-10-01,AMZN,633,-0.0014584872917704174
2021-10-02,AAPL,378,0.00026971637285487228
2021-10-02,AMZN,333,0.0014201839948118898
2021-10-03,AAPL,338,0.0017672352936848332
2021-10-03,AMZN,232,0.012269133966587964
2021-10-04,AAPL,888,0.0027157603214326941
2021-10-04,AMZN,676,0.013679090875319221
2021-10-05,AAPL,805,0.0070634160646012569
2021-10-05,AMZN,693,0.011793631940415505
2021-10-06,AAPL,730,0.0048444927492326487
2021-10-06,AMZN,877,0.013021918461147267
2021-10-07,AAPL,736,0.0077535276829712322
2021-10-07,AMZN,613,0.0095496518479684291
2021-10-08,AAPL,799,0.0076790898102336511
2021-10-08,AMZN,595,0.013880008238369313
2021-10-09,AAPL,607,-0.0093407247868582625
2021-10-09,AMZN,248,-0.00093281622263400742
2021-10-10,AAPL,898,-0.010323246254265157
2021-10-10,AMZN,168,0.001259847331187759
2021-10-11,AAPL,873,-0.0030031527115204778
2021-10-11,AMZN,605,0.0017704921715442354
2021-10-12,AAPL,683,7.2595078256439135e-05
2021-10-12,AMZN,781,-0.0065932959984346343
2021-10-13,AAPL,1301,-0.0051495397822719623
2021-10-13,AMZN,572,0.0081857581507215737
2021-10-14,AAPL,721,0.0011708644290803155
2021-10-14,AMZN,550,0.0048249070795216321
2021-10-15,AAPL,959,-0.0039143814986610619
2021-10-15,AMZN,640,-0.0025665250527907814
2021-10-16,AAPL,429,-0.0096846778573204378
2021-10-16,AMZN,275,0.010585035576765692
2021-10-17,AAPL,321,-0.0035565661509152288
2021-10-17,AMZN,167,0.0066165640219879931
2021-10-18,AAPL,1547,0.0081491233933244315
2021-10-18,AMZN,906,-0.0046590801482398669
2021-10-19,AAPL,1444,0.01102741826104919
2021-10-19,AMZN,752,0.005266165776396086
2021-10-20,AAPL,1520,-0.003142968134714339
2021-10-20,AMZN,521,0.008780781542199521
2021-10-21,AAPL,1532,-0.006090558563942034
2021-10-21,AMZN,643,0.0050220120863380653
2021-10-22,AAPL,755,-0.0014342956442168428
2021-10-22,AMZN,408,0.0057343649069087231
2021-10-23,AAPL,441,-0.0024259168141396339
2021-10-23,AMZN,175,0.0057278716856383324
2021-10-24,AAPL,273,0.0043189341573819477
2021-10-24,AMZN,143,0.0018434664208810472
2021-10-25,AAPL,1068,-0.00934018655593716
2021-10-25,AMZN,496,-0.00089092660930394454
2021-10-26,AAPL,754,0.0018687533266917766
2021-10-26,AMZN,800,-0.00040584358160566941
2021-10-27,AAPL,762,0.00462008912958823
2021-10-27,AMZN,485,0.0055043479069328376
2021-10-28,AAPL,911,0.0033359673122468417
2021-10-28,AMZN,733,0.00075428918036620721
2021-10-29,AAPL,1512,-0.0061772153620551044
2021-10-29,AMZN,1023,-0.0042675879389441011
2021-10-30,AAPL,447,-0.002325992513515202
2021-10-30,AMZN,241,0.0029070800121946344
2021-10-31,AAPL,319,-0.00053403235568322694
2021-10-31,AMZN,173,0.00029215156833934985
2021-11-01,AAPL,709,0.0016246823549471785
2021-11-01,AMZN,476,0.0083198821606069728
2021-11-02,AAPL,1048,-0.0033249899461419812
2021-11-02,AMZN,615,0.0078514576548976891
2021-11-03,AAPL,682,-0.00084553145849066357
2021-11-03,AMZN,469,0.013678944706145535
2021-11-04,AAPL,681,0.0037760815034865005
2021-11-04,AMZN,522,0.0082639099643685536
2021-11-05,AAPL,669,0.0090036701038324826
2021-11-05,AMZN,388,0.0041692522551540663
2021-11-06,AAPL,308,0.0020179895703896053
2021-11-06,AMZN,179,0.0022003130187174067
2021-11-07,AAPL,201,0.00014897333379682799
2021-11-07,AMZN,129,0.0030594093812754161
2021-11-08,AAPL,474,0.00764515984405221
2021-11-08,AMZN,626,0.0036313127261041671
2021-11-09,AAPL,706,0.0019686328853620438
2021-11-09,AMZN,693,0.0073778135154799283
2021-11-10,AAPL,1013,0.0015628938453392095
2021-11-10,AMZN,553,0.0063057478807406683
2021-11-11,AAPL,640,0.0046444040933810108
2021-11-11,AMZN,413,0.010374064102363495
2021-11-12,AAPL,523,-0.00046565208561870797
2021-11-12,AMZN,560,0.0057383154199463233
2021-11-13,AAPL,403,-0.014589794880237169
2021-11-13,AMZN,392,-0.0095152529902661036
2021-11-14,AAPL,191,-0.00064024024954434443
2021-11-14,AMZN,164,0.001473530236191276
2021-11-15,AAPL,541,-0.00071759905455701458
2021-11-15,AMZN,597,0.008586011376619445
2021-11-16,AAPL,521,0.00038650357996681184
2021-11-16,AMZN,709,0.00375053245185647
2021-11-17,AAPL,1159,0.0051026812745081657
2021-11-17,AMZN,1070,0.012465801567439481
2021-11-18,AAPL,1104,0.0047500043750702426
2021-11-18,AMZN,863,0.00079953253076146585
2021-11-19,AAPL,761,0.004094565103523835
2021-11-19,AMZN,1421,-0.0051360422040733263
2021-11-20,AAPL,368,0.013476097273765831
2021-11-20,AMZN,504,-0.0061429736278086474
2021-11-21,AAPL,241,-0.0012818551606232878
2021-11-21,AMZN,289,-0.0014503507271924493
2021-11-22,AAPL,684,0.019403857057357553
2021-11-22,AMZN,663,0.0027730910838430511
2021-11-23,AAPL,1296,-0.0062645783724223341
2021-11-23,AMZN,952,0.0010243471891426808
2021-11-24,AAPL,1108,-0.014321306133419294
2021-11-24,AMZN,740,0.0062015351162735812
2021-11-25,AAPL,595,-0.0037649846596894232
2021-11-25,AMZN,838,0.0033793814720669327
2021-11-26,AAPL,740,0.00076625994687702789
2021-11-26,AMZN,1457,-0.0052261156413400227
2021-11-27,AAPL,476,0.00552260753217196
2021-11-27,AMZN,504,2.6266228585719925e-05
2021-11-28,AAPL,299,0.00730404362898244
2021-11-28,AMZN,500,0.00226290450861646
2021-11-29,AAPL,486,0.0032994506898690172
2021-11-29,AMZN,1062,0.0088803615226289816
2021-11-30,AAPL,708,0.020322488044687604
2021-11-30,AMZN,912,-0.004411071489866491
2021-12-01,AAPL,561,0.0051067400723628746
2021-12-01,AMZN,527,0.0036226520893871488
2021-12-02,AAPL,806,-0.0014239069615526042
2021-12-02,AMZN,575,0.0067905440320858478
2021-12-03,AAPL,704,0.011161148416591654
2021-12-03,AMZN,554,0.012764205523732697
2021-12-04,AAPL,244,-0.00502049546235406
2021-12-04,AMZN,190,0.010737061543006769
2021-12-05,AAPL,195,-0.0027372810234302272
2021-12-05,AMZN,114,0.0039333026601044438
2021-12-06,AAPL,597,0.0024345516851053133
2021-12-06,AMZN,409,0.01495448693666432
2021-12-07,AAPL,596,0.0037712117310696714
2021-12-07,AMZN,1048,-0.0098394513665414213
2021-12-08,AAPL,792,0.0021242656926495338
2021-12-08,AMZN,1237,-0.017669578553429377
2021-12-09,AAPL,847,-0.0010052242131858185
2021-12-09,AMZN,1263,-0.001692854737428365
2021-12-10,AAPL,562,0.0020194402113605453
2021-12-10,AMZN,581,0.0030909314427160607
2021-12-11,AAPL,243,-0.0016374177989015816
2021-12-11,AMZN,1035,-0.039419634484661896
2021-12-12,AAPL,197,-0.0002653153776529275
2021-12-12,AMZN,712,-0.030714359971210251
2021-12-13,AAPL,644,0.00410596941740041
2021-12-13,AMZN,783,-0.011386511218282493
2021-12-14,AAPL,877,0.0016411332975435195
2021-12-14,AMZN,909,-0.0039658537175141124
2021-12-15,AAPL,648,-0.0034475805482680013
2021-12-15,AMZN,552,0.0027941817334376294
2021-12-16,AAPL,701,-0.0037073222977212494
2021-12-16,AMZN,488,0.0061707639441670693
2021-12-17,AAPL,531,-0.0053579249757467074
2021-12-17,AMZN,536,-0.000574678956087641
2021-12-18,AAPL,260,-0.0015116732106974793
2021-12-18,AMZN,307,0.0016014367495234684
2021-12-19,AAPL,215,-0.011926505075095399
2021-12-19,AMZN,257,0.0022632596788520936
2021-12-20,AAPL,492,0.00037264869262259925
2021-12-20,AMZN,435,0.0044652996406837541
2021-12-21,AAPL,541,0.0050569791808403649
2021-12-21,AMZN,504,0.0086573649558162654
2021-12-22,AAPL,387,-0.00069086930736096262
2021-12-22,AMZN,681,0.002723765162276447
2021-12-23,AAPL,496,-0.0020129824113847153
2021-12-23,AMZN,704,-0.00712781008322671
2021-12-24,AAPL,360,-0.0047326260766729477
2021-12-24,AMZN,333,-0.0012865814515906409
2021-12-25,AAPL,201,-0.0045274786464813916
2021-12-25,AMZN,143,0.0062156108727385636
2021-12-26,AAPL,172,0.00043463962510374991
2021-12-26,AMZN,173,0.020549207247386368
2021-12-27,AAPL,341,0.0012552391668968841
2021-12-27,AMZN,330,0.010950660457495452
2021-12-28,AAPL,615,-0.0060209455866774694
2021-12-28,AMZN,384,0.0086218242245015633
2021-12-29,AAPL,509,-0.0010464628316563293
2021-12-29,AMZN,413,-0.0074487089680719777
2021-12-30,AAPL,431,0.0046301177282209423
2021-12-30,AMZN,374,-0.00474822222989704
2021-12-31,AAPL,290,-0.0057173704001792936
2021-12-31,AMZN,161,-0.0013612972165577067
2022-01-01,AAPL,182,-0.0027848748460640835
2022-01-01,AMZN,109,0.012350866310787851
2022-01-02,AAPL,204,-0.0045884308195725011
2022-01-02,AMZN,103,0.0047865286627909393
2022-01-03,AAPL,848,0.0064478692276822673
2022-01-03,AMZN,313,0.0063359384552420829
2022-01-04,AAPL,1282,0.006347112844914818
2022-01-04,AMZN,472,-0.0066072942080819836
2022-01-05,AAPL,558,0.00083342696776770241
2022-01-05,AMZN,525,0.003404210780524134
2022-01-06,AAPL,456,0.00038076932370240173
2022-01-06,AMZN,466,0.00076005047527172949
2022-01-07,AAPL,803,0.0062123664045920278
2022-01-07,AMZN,393,0.0029368340619090054
2022-01-08,AAPL,292,-0.0041003354522740273
2022-01-08,AMZN,206,-0.0083210199154624079
2022-01-09,AAPL,199,0.0019302320232049996
2022-01-09,AMZN,136,-0.0035816856889841209
2022-01-10,AAPL,595,0.0032227111794425733
2022-01-10,AMZN,357,0.0047688268339620412
2022-01-11,AAPL,841,0.0025383815042092405
2022-01-11,AMZN,447,0.00073553819919850068
2022-01-12,AAPL,579,0.00337375933859317
2022-01-12,AMZN,432,0.00425881454721736
2022-01-13,AAPL,622,-0.0031358733029531478
2022-01-13,AMZN,397,0.0055744497891284149
2022-01-14,AAPL,465,-0.0012904397584036834
2022-01-14,AMZN,442,0.004080621509005262
2022-01-15,AAPL,324,-0.0041480867430166869
2022-01-15,AMZN,273,0.0034087040844246364
2022-01-16,AAPL,286,-0.0017785059841923276
2022-01-16,AMZN,160,0.011713061246851285
2022-01-17,AAPL,520,-0.0016962513216573032
2022-01-17,AMZN,624,0.0033111155821947038
2022-01-18,AAPL,633,-0.00063576879806638272
2022-01-18,AMZN,647,-0.0068367509134368721
2022-01-19,AAPL,634,-0.00098368809111337545
2022-01-19,AMZN,689,0.0068654313094938151
2022-01-20,AAPL,593,-0.00028030923192549846
2022-01-20,AMZN,918,0.0070416116041962882
2022-01-21,AAPL,532,0.0044625961801491275
2022-01-21,AMZN,707,2.7518178583553063e-05
2022-01-22,AAPL,196,0.00039817264509313431
2022-01-22,AMZN,277,-0.011514297541204166
2022-01-23,AAPL,202,0.0034722048011893592
2022-01-23,AMZN,155,-0.0011258603866109603
2022-01-24,AAPL,576,0.0030130572538035671
2022-01-24,AMZN,384,0.0093105658760562447
2022-01-25,AAPL,584,0.00029989164489458906
2022-01-25,AMZN,465,0.00091675516996857025
2022-01-26,AAPL,795,-0.013245398135978033
2022-01-26,AMZN,408,0.0068417257481514244
2022-01-27,AAPL,946,-0.0023567250640609012
2022-01-27,AMZN,668,0.000702919684722252
2022-01-28,AAPL,1408,0.0019119540479486247
2022-01-28,AMZN,483,-0.0079325977143239919
2022-01-29,AAPL,418,0.0026164781215254596
2022-01-29,AMZN,256,-0.0096893240665897867
2022-01-30,AAPL,302,-0.0014827005598262606
2022-01-30,AMZN,135,-0.0045751097546783441
2022-01-31,AAPL,487,0.0026845697501705909
2022-01-31,AMZN,384,0.0039435062336689829
2022-02-01,AAPL,466,0.0004577767303687142
2022-02-01,AMZN,459,-0.0058157844820122184
2022-02-02,AAPL,521,-0.00194810364827722
2022-02-02,AMZN,469,-0.0073087309866415673
2022-02-03,AAPL,559,-0.0017313919826109823
2022-02-03,AMZN,758,0.0014145342978712744
2022-02-04,AAPL,661,-0.0048789223005768906
2022-02-04,AMZN,1703,0.00014251269054149692
2022-02-05,AAPL,569,0.0075780685649176928
2022-02-05,AMZN,919,0.01861477914798889
2022-02-06,AAPL,380,-0.0059821834736435353
2022-02-06,AMZN,338,-0.0058288843885464965
2022-02-07,AAPL,529,0.0010676427232005014
2022-02-07,AMZN,498,0.0065652367712555294
2022-02-08,AAPL,735,0.012162572790821878
2022-02-08,AMZN,640,0.0061867568499449207
2022-02-09,AAPL,662,0.0082679990474201857
2022-02-09,AMZN,482,0.0064661694621912973
2022-02-10,AAPL,633,-0.001870153476442975
2022-02-10,AMZN,498,0.0073540879967143348
2022-02-11,AAPL,590,-0.00804084323324685
2022-02-11,AMZN,500,0.0010506521027342135
2022-02-12,AAPL,263,-0.00068175501206467568
2022-02-12,AMZN,268,-0.0011169552598454997
2022-02-13,AAPL,199,-0.00491536050681997
2022-02-13,AMZN,173,-0.00028505570374915854
2022-02-14,AAPL,633,-0.0041055978417309062
2022-02-14,AMZN,500,0.0079404730643539579
2022-02-15,AAPL,594,0.00820467580973104
2022-02-15,AMZN,549,0.00498559674488099
2022-02-16,AAPL,432,0.0023708898524210978
2022-02-16,AMZN,472,0.00683881423852875
2022-02-17,AAPL,498,-0.00035748666927209354
2022-02-17,AMZN,714,0.010916906521695831
2022-02-18,AAPL,515,0.00061553613097449316
2022-02-18,AMZN,561,-0.00152809214884329
2022-02-19,AAPL,237,0.0044533969163507749
2022-02-19,AMZN,301,-0.0064418421772510434
2022-02-20,AAPL,318,0.0075888684990484939
2022-02-20,AMZN,142,0.0032176274143245059
2022-02-21,AAPL,572,0.0016082820751792337
2022-02-21,AMZN,306,0.0039745413110410955
2022-02-22,AAPL,974,-0.012197414357301074
2022-02-22,AMZN,381,0.0058213051671252916
2022-02-23,AAPL,854,-0.0216543423542014
2022-02-23,AMZN,464,0.0038255980948176519
2022-02-24,AAPL,480,-0.0069217449868901153
2022-02-24,AMZN,391,-0.0061604100541317276
2022-02-25,AAPL,467,-0.0062559656567625736
2022-02-25,AMZN,294,0.0044565245533699158
2022-02-26,AAPL,303,-0.0047179344400050784
2022-02-26,AMZN,207,0.00098438781582833911
2022-02-27,AAPL,209,-0.0023181725532894575
2022-02-27,AMZN,132,0.0044860514503597994
2022-02-28,AAPL,472,0.00399538228067928
2022-02-28,AMZN,452,0.012087649451570714
2022-03-01,AAPL,749,-0.01259962845002675
2022-03-01,AMZN,370,0.011711023479775734
2022-03-02,AAPL,1231,-0.015615523703326929
2022-03-02,AMZN,479,0.012772122706180559
2022-03-03,AAPL,616,0.0041785429204080175
2022-03-03,AMZN,945,0.0089389736864111773
2022-03-04,AAPL,520,0.0019629379655145681
2022-03-04,AMZN,506,0.0089398103945249937
2022-03-05,AAPL,284,-0.0019583846943480947
2022-03-05,AMZN,194,0.00709450408029681
2022-03-06,AAPL,203,0.0023809009464798962
2022-03-06,AMZN,138,0.00064515513151252538
2022-03-07,AAPL,525,0.0043345492214765481
2022-03-07,AMZN,793,-9.9228620879562287e-05
2022-03-08,AAPL,1676,0.015502883224223277
2022-03-08,AMZN,672,-0.0079641232196358963
2022-03-09,AAPL,1282,0.013916043292017307
2022-03-09,AMZN,714,-0.0052164314044454742
2022-03-10,AAPL,565,0.0088170472055192524
2022-03-10,AMZN,754,-0.00048993159461020936
2022-03-11,AAPL,482,0.0051759132709077163
2022-03-11,AMZN,460,0.00057703648118497279
2022-03-12,AAPL,226,0.0056102816445612125
2022-03-12,AMZN,207,0.0022829622753626289
2022-03-13,AAPL,214,0.00600877236504143
2022-03-13,AMZN,139,0.0034941072265794603
2022-03-14,AAPL,615,0.0031776565994331984
2022-03-14,AMZN,409,0.0043379204727960457
2022-03-15,AAPL,601,0.0083246218196913278
2022-03-15,AMZN,710,0.00084619457702015961
2022-03-16,AAPL,472,0.0027493563785435226
2022-03-16,AMZN,582,0.0048477092435105906
2022-03-17,AAPL,423,0.00856592387298648
2022-03-17,AMZN,753,0.003730771181355248
2022-03-18,AAPL,426,0.0070967116727309728
2022-03-18,AMZN,679,0.0030895751798170686
2022-03-19,AAPL,240,-0.015431205692249038
2022-03-19,AMZN,408,-0.0052230376425931218
2022-03-20,AAPL,395,-0.050906256011433552
2022-03-20,AMZN,167,0.0023667458784892535
2022-03-21,AAPL,938,-0.019658768175149197
2022-03-21,AMZN,455,0.0038914352833240335
2022-03-22,AAPL,649,-0.0088758012387124569
2022-03-22,AMZN,383,0.0053652309265557292
2022-03-23,AAPL,493,0.0053442646403369549
2022-03-23,AMZN,445,0.011896877929218494
2022-03-24,AAPL,607,0.00794028504987143
2022-03-24,AMZN,348,0.0032668345552445311
2022-03-25,AAPL,745,0.00596552218811811
2022-03-25,AMZN,571,0.0077329359611439377
2022-03-26,AAPL,405,0.0089696339560792916
2022-03-26,AMZN,428,0.0032744876114566696
2022-03-27,AAPL,186,0.0060869916807955024
2022-03-27,AMZN,170,0.0045012918104094038
2022-03-28,AAPL,1002,0.0063360416487140718
2022-03-28,AMZN,389,0.0052280940720809115
2022-03-29,AAPL,623,-0.0032402658496540233
2022-03-29,AMZN,349,0.0071255777465857135
2022-03-30,AAPL,634,-0.010679809930140617
2022-03-30,AMZN,426,0.0049170018737291436
2022-03-31,AAPL,681,-0.0069393574147904114
2022-03-31,AMZN,684,0.0048168379051155251
2022-04-01,AAPL,607,-0.0038704842306459828
2022-04-01,AMZN,1581,-0.0005998883606108704
2022-04-02,AAPL,268,0.00058692641053663332
2022-04-02,AMZN,725,-0.0032452215548297763
2022-04-03,AAPL,197,-0.0015367964319230158
2022-04-03,AMZN,249,0.0036144415557603474
2022-04-04,AAPL,498,-0.0031847946829618207
2022-04-04,AMZN,584,0.0063781738527809344
2022-04-05,AAPL,586,0.0053085558389719713
2022-04-05,AMZN,957,0.006356920966307732
2022-04-06,AAPL,600,-0.0047342021799362767
2022-04-06,AMZN,758,0.0047419020708494818
2022-04-07,AAPL,552,0.0040362194259887553
2022-04-07,AMZN,602,-0.0003833629950072856
2022-04-08,AAPL,411,0.0091227890409043225
2022-04-08,AMZN,635,-0.001212573539836831
2022-04-09,AAPL,197,0.0055837649131282663
2022-04-09,AMZN,426,-0.018282215251914008
2022-04-10,AAPL,135,-0.00082336989050376427
2022-04-10,AMZN,162,0.004104761816152264
2022-04-11,AAPL,517,-0.00043382986955672176
2022-04-11,AMZN,446,0.00865315063910906
2022-04-12,AAPL,598,-0.00011218988321238802
2022-04-12,AMZN,436,0.0057148580117621544
2022-04-13,AAPL,556,0.0033440329228646907
2022-04-13,AMZN,705,0.0095262433309415383
2022-04-14,AAPL,405,0.0054444476561885296
2022-04-14,AMZN,905,-0.0051372305402526243
2022-04-15,AAPL,504,0.00012058068202632088
2022-04-15,AMZN,372,0.0073878013695780845
2022-04-16,AAPL,171,0.0055584537653859505
2022-04-16,AMZN,135,0.0093531562215012111
2022-04-17,AAPL,129,0.004387018342069152
2022-04-17,AMZN,143,0.0072845885049777825
2022-04-18,AAPL,311,0.0033645369058393623
2022-04-18,AMZN,383,0.0014732052463802656
2022-04-19,AAPL,458,0.004881184320304769
2022-04-19,AMZN,536,-0.0077118495428203544
2022-04-20,AAPL,556,0.004711399337417173
2022-04-20,AMZN,546,0.0049093292624301423
2022-04-21,AAPL,636,0.0022130193890906925
2022-04-21,AMZN,529,0.01080168883301681
2022-04-22,AAPL,455,0.0031989815007013884
2022-04-22,AMZN,462,0.013425128391327418
2022-04-23,AAPL,234,-0.000527176870443932
2022-04-23,AMZN,236,0.010465903994169069
2022-04-24,AAPL,165,0.0012446420148059364
2022-04-24,AMZN,267,0.0011381880467542587
2022-04-25,AAPL,490,0.0029989158236584049
2022-04-25,AMZN,621,-0.0012672770072722031
2022-04-26,AAPL,413,0.0073380931132154764
2022-04-26,AMZN,554,-0.00059145754154817185
2022-04-27,AAPL,610,-0.0031797496420480739
2022-04-27,AMZN,520,0.0018151501188608935
2022-04-28,AAPL,707,0.0034923101950624274
2022-04-28,AMZN,699,-0.0022371547129961945
2022-04-29,AAPL,914,-0.0034226779854683986
2022-04-29,AMZN,1056,-0.009157182800285631
2022-04-30,AAPL,276,-0.0064397566918306453
2022-04-30,AMZN,334,-0.0016211277214504358
2022-05-01,AAPL,315,-0.024157713909609729
2022-05-01,AMZN,301,-0.0046756522184908155
2022-05-02,AAPL,986,-0.018119619464792461
2022-05-02,AMZN,918,-0.0024564885232923328
2022-05-03,AAPL,683,-0.0018994986982309194
2022-05-03,AMZN,763,-0.00045030316311319156
2022-05-04,AAPL,517,0.00575300358925771
2022-05-04,AMZN,639,0.005597468052895474
2022-05-05,AAPL,538,0.00902358290697713
2022-05-05,AMZN,549,0.0073850170128988129
2022-05-06,AAPL,528,0.0046451150913669331
2022-05-06,AMZN,556,-0.0010652395772376795
2022-05-07,AAPL,217,-0.0020482149390519434
2022-05-07,AMZN,303,-0.010733696677890448
2022-05-08,AAPL,408,-0.010073630437927453
2022-05-08,AMZN,145,0.0039910816895326337
2022-05-09,AAPL,478,-0.001726113508633995
2022-05-09,AMZN,348,0.0035634617290593081
2022-05-10,AAPL,772,0.00094344468095578426
2022-05-10,AMZN,565,-0.0040493180398937121
2022-05-11,AAPL,1071,0.0047061033446439034
2022-05-11,AMZN,395,0.0076366836045347183
2022-05-12,AAPL,708,0.0011177061381267609
2022-05-12,AMZN,357,0.0092452700227723464
2022-05-13,AAPL,565,0.0044815219004707479
2022-05-13,AMZN,450,0.005673281695440676
2022-05-14,AAPL,267,0.0017609032243223746
2022-05-14,AMZN,183,0.00021047741700101885
2022-05-15,AAPL,300,-0.012193894867396185
2022-05-15,AMZN,134,-0.00504816416784878
2022-05-16,AAPL,512,0.0095387451198614658
2022-05-16,AMZN,271,-0.0075395816036833881
2022-05-17,AAPL,786,-4.7115577460635745e-05
2022-05-17,AMZN,387,0.00046841861795293986
2022-05-18,AAPL,761,-0.013897742026335062
2022-05-18,AMZN,606,-0.0015476130632314715
2022-05-19,AAPL,512,-0.0014662641270951145
2022-05-19,AMZN,460,0.0025745779962615648
2022-05-20,AAPL,495,0.00068355464043647833
2022-05-20,AMZN,516,0.0043151097564517859
2022-05-21,AAPL,255,-0.0036527321307641232
2022-05-21,AMZN,234,0.0068470666150024272
2022-05-22,AAPL,258,-0.00918273788865387
2022-05-22,AMZN,142,-0.0034825778352333948
2022-05-23,AAPL,568,-0.0017712988378882407
2022-05-23,AMZN,308,0.0096733139216152054
2022-05-24,AAPL,562,0.011279514107886576
2022-05-24,AMZN,453,0.00546565839254676
2022-05-25,AAPL,614,0.0014564723179820514
2022-05-25,AMZN,547,0.002632871413443072
2022-05-26,AAPL,565,-0.0019813484980570266
2022-05-26,AMZN,520,-0.00567522615474202
2022-05-27,AAPL,569,0.010063057491345177
2022-05-27,AMZN,358,-0.0028309520623720419
2022-05-28,AAPL,178,-0.0017836124170159152
2022-05-28,AMZN,217,-0.012568409092895597
2022-05-29,AAPL,160,-0.0012037147669210367
2022-05-29,AMZN,213,-0.00761929191225526
2022-05-30,AAPL,368,-0.002612114245350038
2022-05-30,AMZN,287,0.011442941368266036
2022-05-31,AAPL,561,-0.0071963738172964578
2022-05-31,AMZN,403,0.0059012066107057308
2022-06-01,AAPL,506,-0.0050069114572388633
2022-06-01,AMZN,382,0.0030902327694362366
2022-06-02,AAPL,372,-0.00027480502711262148
2022-06-02,AMZN,576,-0.0028445377688308894
2022-06-03,AAPL,463,0.011805581243823967
2022-06-03,AMZN,606,-3.2683044556110685e-06
2022-06-04,AAPL,238,0.0070571276423370142
2022-06-04,AMZN,245,0.0017924526397032519
2022-06-05,AAPL,194,0.0020911603067484295
2022-06-05,AMZN,139,0.0083595443589037349
2022-06-06,AAPL,1539,0.010723898472486676
2022-06-06,AMZN,681,-0.006141901352513462
2022-06-07,AAPL,1659,0.0081756447857139047
2022-06-07,AMZN,715,-0.0070643462489202221
2022-06-08,AAPL,791,0.0033207880625893962
2022-06-08,AMZN,704,-0.012091232927208454
2022-06-09,AAPL,650,0.0032081329199299797
2022-06-09,AMZN,899,-0.0081992800672695369
2022-06-10,AAPL,642,0.0043802445637464854
2022-06-10,AMZN,911,-0.0032955338326889172
2022-06-11,AAPL,299,0.0019712848088121742
2022-06-11,AMZN,519,-0.025155751655000915
2022-06-12,AAPL,184,0.0019777886522206662
2022-06-12,AMZN,309,-0.02222983617068456
2022-06-13,AAPL,501,0.0048196072532178929
2022-06-13,AMZN,1233,-0.020167195288598536
2022-06-14,AAPL,723,0.009337507976348039
2022-06-14,AMZN,674,-0.008103258779456184
2022-06-15,AAPL,506,0.0059458108563947044
2022-06-15,AMZN,760,-0.017076928011395882
2022-06-16,AAPL,445,0.003945533118113448
2022-06-16,AMZN,1912,-0.019732308530077337
2022-06-17,AAPL,428,0.0081326215778144816
2022-06-17,AMZN,763,-0.010319238965510125
2022-06-18,AAPL,151,0.0064466459803941565
2022-06-18,AMZN,573,-0.036158487060117185
2022-06-19,AAPL,1012,0.0032238687151027409
2022-06-19,AMZN,280,-0.016446308507228707
2022-06-20,AAPL,464,0.0062668816648740007
2022-06-20,AMZN,365,-0.01161714619390182
2022-06-21,AAPL,435,0.0091875900969067229
2022-06-21,AMZN,430,0.0047288589918500672
2022-06-22,AAPL,413,0.011493541472016373
2022-06-22,AMZN,611,0.0015562761529901562
2022-06-23,AAPL,385,0.0036833644245318395
2022-06-23,AMZN,768,0.0017456405042141898
2022-06-24,AAPL,486,0.00028079952709792887
2022-06-24,AMZN,806,0.0028783841611930558
2022-06-25,AAPL,184,0.0015167097294759518
2022-06-25,AMZN,245,-0.00031427737633600865
2022-06-26,AAPL,160,0.0067629769940376634
2022-06-26,AMZN,185,-0.0061203491576368807
2022-06-27,AAPL,480,0.0077096910398455681
2022-06-27,AMZN,411,0.0055917203383510569
2022-06-28,AAPL,458,0.0040845712112483846
2022-06-28,AMZN,490,0.0020987284411607627
2022-06-29,AAPL,699,-0.0061244884673599866
2022-06-29,AMZN,476,0.0016983373916735502
2022-06-30,AAPL,575,0.0075024246630691635
2022-06-30,AMZN,530,0.0010540104642548704
2022-07-01,AAPL,468,9.3812714895193745e-05
2022-07-01,AMZN,732,0.0040604643505895172
2022-07-02,AAPL,132,0.003043520684981359
2022-07-02,AMZN,289,-0.0020172005700468121
2022-07-03,AAPL,246,-0.015155948786582763
2022-07-03,AMZN,142,-0.0034147083608757783
2022-07-04,AAPL,381,0.0047270744901359643
2022-07-04,AMZN,334,-8.4205623012832226e-05
2022-07-05,AAPL,342,0.0030480258996083186
2022-07-05,AMZN,435,0.00605031915681339
2022-07-06,AAPL,506,-0.00412168570930347
2022-07-06,AMZN,811,0.0077503295300810331
2022-07-07,AAPL,527,-0.00466766400531796
2022-07-07,AMZN,893,0.023965840521062941
2022-07-08,AAPL,370,0.00042676024813467837
2022-07-08,AMZN,875,0.015670707531226822
2022-07-09,AAPL,152,0.0047942776687034368
2022-07-09,AMZN,315,-0.0042969661529520765
2022-07-10,AAPL,136,0.0024192506852689852
2022-07-10,AMZN,207,0.014144823002075724
2022-07-11,AAPL,452,0.0040008919251717946
2022-07-11,AMZN,903,0.017419767046714729
2022-07-12,AAPL,617,0.0013346889127882615
2022-07-12,AMZN,2015,0.018544136632312882
2022-07-13,AAPL,456,0.0069842231557011476
2022-07-13,AMZN,1389,0.0095861500939009824
2022-07-14,AAPL,424,0.011578910216349755
2022-07-14,AMZN,751,0.0028117540045624885
2022-07-15,AAPL,294,0.002758374284161748
2022-07-15,AMZN,531,0.0046235123971029518
2022-07-16,AAPL,136,0.0053693739807303877
2022-07-16,AMZN,201,0.0048444647943787717
2022-07-17,AAPL,130,0.0027417361953254566
2022-07-17,AMZN,128,0.0041702238933916972
2022-07-18,AAPL,387,-0.0011813997998551865
2022-07-18,AMZN,341,0.0047436620894209455
2022-07-19,AAPL,1038,0.0049526054730424911
2022-07-19,AMZN,582,-0.010751842457600124
2022-07-20,AAPL,651,0.0039804906938321434
2022-07-20,AMZN,580,-0.0045214560236281238
2022-07-21,AAPL,382,0.0025543599167699008
2022-07-21,AMZN,720,0.013250481267560513
2022-07-22,AAPL,297,-0.00027035077060559652
2022-07-22,AMZN,625,0.0021080182400706809
2022-07-23,AAPL,136,0.0038101774858109944
2022-07-23,AMZN,299,0.010596318657677177
2022-07-24,AAPL,128,0.00738726777771974
2022-07-24,AMZN,145,0.013549802633215723
2022-07-25,AAPL,409,0.0056026485279328068
2022-07-25,AMZN,452,0.0032659049843309792
2022-07-26,AAPL,412,0.0010694814991672966
2022-07-26,AMZN,943,0.00029108786390376969
2022-07-27,AAPL,469,0.003893593670570703
2022-07-27,AMZN,466,-0.00683009483356226
2022-07-28,AAPL,616,-0.0030516203426833137
2022-07-28,AMZN,577,-0.0069101068201958254
2022-07-29,AAPL,923,-0.00048169753931977819
2022-07-29,AMZN,1159,-0.0076620648614791689
2022-07-30,AAPL,261,0.0030654703197220759
2022-07-30,AMZN,256,-0.0017180769000734977
2022-07-31,AAPL,230,-0.011396863353671413
2022-07-31,AMZN,133,0.00054536376961650279
2022-08-01,AAPL,479,-0.0042619150709139551
2022-08-01,AMZN,459,0.0011840341890750072
2022-08-02,AAPL,487,-0.0052071287255187606
2022-08-02,AMZN,533,-0.0051313100860704963
2022-08-03,AAPL,361,-0.0011700948801792784
2022-08-03,AMZN,440,0.00090843565481666657
2022-08-04,AAPL,386,-0.003472740162930052
2022-08-04,AMZN,478,0.0042412108717195113
2022-08-05,AAPL,445,-0.0053389472749972612
2022-08-05,AMZN,824,0.0095780247090544411
2022-08-06,AAPL,189,-0.0040476028650950676
2022-08-06,AMZN,345,0.0015907613153758461
2022-08-07,AAPL,199,-0.0015666458181424112
2022-08-07,AMZN,197,-0.012630632950368741
2022-08-08,AAPL,381,0.0033869573149904828
2022-08-08,AMZN,451,0.0091897020166506783
2022-08-09,AAPL,432,0.005894689989035101
2022-08-09,AMZN,471,-0.00094146450913339336
2022-08-10,AAPL,422,0.003950458464468498
2022-08-10,AMZN,449,-0.0032432948845350007
2022-08-11,AAPL,390,0.0046123057967239218
2022-08-11,AMZN,407,-0.00017351904937020567
2022-08-12,AAPL,441,-8.378487659880553e-05
2022-08-12,AMZN,473,-0.0019237899673554049
2022-08-13,AAPL,306,0.0048906885486063017
2022-08-13,AMZN,219,0.0015252090705477909
2022-08-14,AAPL,225,0.0062909829711079194
2022-08-14,AMZN,104,0.0088052957616830078
2022-08-15,AAPL,472,0.00063685666624322
2022-08-15,AMZN,262,-0.0029297578092451664
2022-08-16,AAPL,615,-0.0037560081550828488
2022-08-16,AMZN,702,-0.0072867102169990759
2022-08-17,AAPL,633,-0.00083468524349650285
2022-08-17,AMZN,551,-0.003138268417302983
2022-08-18,AAPL,612,-0.0015551468246729296
2022-08-18,AMZN,465,0.00046745718137022131
2022-08-19,AAPL,1720,-0.014413898701521087
2022-08-19,AMZN,371,0.00080597583050234854
2022-08-20,AAPL,380,0.000611975297994139
2022-08-20,AMZN,177,-0.0045452222975073961
2022-08-21,AAPL,250,-0.0047481117327861566
2022-08-21,AMZN,126,0.0041793360183499505
2022-08-22,AAPL,541,0.0082695753559708911
2022-08-22,AMZN,398,0.0072941804284780021
2022-08-23,AAPL,696,-0.0080263601708043218
2022-08-23,AMZN,553,0.0074333789508712368
2022-08-24,AAPL,612,0.0056443319627187761
2022-08-24,AMZN,590,0.0021332918026764564
2022-08-25,AAPL,652,-0.0038992701359343972
2022-08-25,AMZN,702,-0.00052392897699663366
2022-08-26,AAPL,442,-0.0013900931565853198
2022-08-26,AMZN,576,-0.0021532740153313384
2022-08-27,AAPL,193,0.0055848723116520647
2022-08-27,AMZN,132,0.0052290971120196022
2022-08-28,AAPL,174,0.0052724975155136128
2022-08-28,AMZN,146,0.0030162129081760147
2022-08-29,AAPL,476,0.007812120615993394
2022-08-29,AMZN,413,0.0071376588261683584
2022-08-30,AAPL,500,0.0049171763199488492
2022-08-30,AMZN,419,0.0021679675742098457
2022-08-31,AAPL,435,0.0025346487851760123
2022-08-31,AMZN,468,0.0026359961352252891
2022-09-01,AAPL,461,-0.00245004837234151
2022-09-01,AMZN,797,0.0021384321364813037
2022-09-02,AAPL,446,0.00033252101624478293
2022-09-02,AMZN,750,0.000730430497655981
2022-09-03,AAPL,285,-0.0092206385571960252
2022-09-03,AMZN,901,0.021990639740185745
2022-09-04,AAPL,208,0.0058508502635987412
2022-09-04,AMZN,222,-0.0021340200169965994
2022-09-05,AAPL,468,0.0097782240737054674
2022-09-05,AMZN,455,-0.0018617849253769758
2022-09-06,AAPL,745,0.0050585884009695017
2022-09-06,AMZN,504,0.0046335242578246652
2022-09-07,AAPL,2281,0.0084748487131985472
2022-09-07,AMZN,481,0.000916704911395387
2022-09-08,AAPL,1804,0.0063464820274488016
2022-09-08,AMZN,491,0.0055943978239453929
2022-09-09,AAPL,826,0.0068074445791127909
2022-09-09,AMZN,396,0.0038294508597610417
2022-09-10,AAPL,353,0.0061473837333453629
2022-09-10,AMZN,224,0.0020743262757131468
2022-09-11,AAPL,229,0.0076053980256870872
2022-09-11,AMZN,127,0.0056085405191113333
2022-09-12,AAPL,592,0.011212536487682377
2022-09-12,AMZN,435,0.00014802752624411839
2022-09-13,AAPL,639,0.0089356347147114268
2022-09-13,AMZN,497,0.0061423866660789816
2022-09-14,AAPL,632,0.007699308926184513
2022-09-14,AMZN,767,-0.005434038548175763
2022-09-15,AAPL,438,0.0067244016069046859
2022-09-15,AMZN,565,0.00086254738063622086
2022-09-16,AAPL,468,0.010109449105208047
2022-09-16,AMZN,379,-0.0020184248306831781
2022-09-17,AAPL,209,0.0058583840715071634
2022-09-17,AMZN,255,0.002966976844891112
2022-09-18,AAPL,205,0.0066077808129391671
2022-09-18,AMZN,145,0.0057855658557791944
2022-09-19,AAPL,390,0.0068262829344324311
2022-09-19,AMZN,373,0.0024499892670039559
2022-09-20,AAPL,626,-0.00052085118749099042
2022-09-20,AMZN,505,-0.0082887469828359737
2022-09-21,AAPL,496,0.00137574733056091
2022-09-21,AMZN,493,0.0038085100500071345
2022-09-22,AAPL,443,0.0069606517770171806
2022-09-22,AMZN,502,0.0042868992751334744
2022-09-23,AAPL,630,0.016407633203782745
2022-09-23,AMZN,415,0.0070223932208587688
2022-09-24,AAPL,233,0.0058527515389908795
2022-09-24,AMZN,197,0.0067077054952591024
2022-09-25,AAPL,215,0.0069596661272667342
2022-09-25,AMZN,189,0.0075273868053252141
2022-09-26,AAPL,842,0.0098657697875312346
2022-09-26,AMZN,671,0.015260621671440301
2022-09-27,AAPL,568,0.012730992403065187
2022-09-27,AMZN,434,0.015738424744007731
2022-09-28,AAPL,864,-0.00633353176261127
2022-09-28,AMZN,816,0.013508313810102261
2022-09-29,AAPL,656,-0.0019300516089419
2022-09-29,AMZN,693,0.009739906323183176
2022-09-30,AAPL,506,0.0029119361204650593
2022-09-30,AMZN,411,0.0059910390518207518
2022-10-01,AAPL,283,-0.0022015713715554256
2022-10-01,AMZN,366,-0.0029538721271681525
2022-10-02,AAPL,183,0.00063587002487724162
2022-10-02,AMZN,193,0.0039365318509138117
2022-10-03,AAPL,638,0.0096255081304111641
2022-10-03,AMZN,367,0.0076091728419536682
2022-10-04,AAPL,665,0.0017698730792987559
2022-10-04,AMZN,422,3.9261515321054562e-06
2022-10-05,AAPL,533,0.001152345500119837
2022-10-05,AMZN,508,0.0014669101424725696
2022-10-06,AAPL,508,0.00069947892491946319
2022-10-06,AMZN,679,0.010693293248909327
2022-10-07,AAPL,464,0.0023344781457995236
2022-10-07,AMZN,542,0.0043678587633024461
2022-10-08,AAPL,175,0.0032079216385689675
2022-10-08,AMZN,362,0.0058443435697368941
2022-10-09,AAPL,210,0.0069096625671602342
2022-10-09,AMZN,250,-0.004273271717950812
2022-10-10,AAPL,484,0.00074327433557195048
2022-10-10,AMZN,665,0.01319802398098175
2022-10-11,AAPL,643,0.0073827269504284105
2022-10-11,AMZN,1265,0.018245471834450768
2022-10-12,AAPL,595,0.013381110235663884
2022-10-12,AMZN,872,0.020984097326961094
2022-10-13,AAPL,528,0.014088403815104567
2022-10-13,AMZN,473,0.01213108881128329
2022-10-14,AAPL,535,0.0049599514053212165
2022-10-14,AMZN,317,0.00881395336678034
2022-10-15,AAPL,329,0.0084882244739915846
2022-10-15,AMZN,460,0.0069383028942314158
2022-10-16,AAPL,252,0.01199951690270518
2022-10-16,AMZN,133,0.013949561369134337
2022-10-17,AAPL,613,0.0098029064958157566
2022-10-17,AMZN,354,0.00955649386993363
2022-10-18,AAPL,868,0.015682457064889088
2022-10-18,AMZN,748,-0.0065448665339828335
2022-10-19,AAPL,1273,0.013556498089687544
2022-10-19,AMZN,444,-0.00067581283943046375
2022-10-20,AAPL,487,0.0094654184042989725
2022-10-20,AMZN,566,-0.0033100065325653255
2022-10-21,AAPL,437,0.0063565119209803593
2022-10-21,AMZN,537,0.0065184675848878543
2022-10-22,AAPL,225,0.0032878117344125055
2022-10-22,AMZN,168,0.0093834918099810326
2022-10-23,AAPL,169,0.0025668297633663151
2022-10-23,AMZN,194,-0.001234303514987458
2022-10-24,AAPL,750,0.00082669265674297984
2022-10-24,AMZN,232,0.010970979607085556
2022-10-25,AAPL,779,0.0074886977149682407
2022-10-25,AMZN,684,-0.0092807267795457921
2022-10-26,AAPL,1196,0.010059087874742575
2022-10-26,AMZN,422,0.0025471315744572056
2022-10-27,AAPL,909,0.0099985985866592967
2022-10-27,AMZN,579,0.00033244127584166217
2022-10-28,AAPL,1037,0.00096777003161736
2022-10-28,AMZN,890,-0.0050902719833571452
2022-10-29,AAPL,310,0.0040474654150247733
2022-10-29,AMZN,226,-0.0069728342410462357
2022-10-30,AAPL,185,-0.0015948915146223048
2022-10-30,AMZN,145,0.0059208254435906636
2022-10-31,AAPL,470,-0.001730072167853044
2022-10-31,AMZN,503,0.0029133499707498177
2022-11-01,AAPL,446,-0.0049450724508700132
2022-11-01,AMZN,481,0.0118586810903671
2022-11-02,AAPL,579,-0.0098992856101054478
2022-11-02,AMZN,428,0.007617170536212632
2022-11-03,AAPL,539,-0.00030996737139741859
2022-11-03,AMZN,558,0.0074261960814290227
2022-11-04,AAPL,493,0.0052588447906283869
2022-11-04,AMZN,491,-0.0014301953828172874
2022-11-05,AAPL,201,-0.0042849843810770566
2022-11-05,AMZN,209,-0.00093416535210379451
2022-11-06,AAPL,165,0.010707909863133025
2022-11-06,AMZN,177,0.0061082734355179134
2022-11-07,AAPL,1062,-0.012191487379989194
2022-11-07,AMZN,313,0.0090940254401537333
2022-11-08,AAPL,428,0.0021059540529132243
2022-11-08,AMZN,444,0.0017670115784415891
2022-11-09,AAPL,506,0.011586872118831876
2022-11-09,AMZN,403,0.0071792203391952154
2022-11-10,AAPL,590,0.0018682119813436164
2022-11-10,AMZN,507,-0.0046310129528964747
2022-11-11,AAPL,74,0.0013237593494932695
2022-11-11,AMZN,108,-0.0037419257230153912
2022-11-12,AAPL,180,0.0037786918222093187
2022-11-12,AMZN,296,-0.0011195636137943323
2022-11-13,AAPL,157,0.0017304110062667673
2022-11-13,AMZN,226,0.012315989065566132
2022-11-14,AAPL,407,0.00839796566229756
2022-11-14,AMZN,1011,-0.0082576702720184962
2022-11-15,AAPL,847,0.019133554456578026
2022-11-15,AMZN,1145,-0.00636285007194114
2022-11-16,AAPL,521,0.0025002917897730009
2022-11-16,AMZN,942,-0.00239560738837165
2022-11-17,AAPL,352,0.0081334366296245859
2022-11-17,AMZN,812,0.0011428136597113679
2022-11-18,AAPL,370,0.005923865458662322
2022-11-18,AMZN,1014,-0.0031614611615864326
2022-11-19,AAPL,175,0.0112496002239498
2022-11-19,AMZN,288,0.010974593769909292
2022-11-20,AAPL,147,0.0038549350924363432
2022-11-20,AMZN,233,0.0073507620878318636
2022-11-21,AAPL,809,-0.027566121272178348
2022-11-21,AMZN,389,0.0091868998381613616
2022-11-22,AAPL,1083,-0.043613046728872625
2022-11-22,AMZN,436,0.012161071331828883
2022-11-23,AAPL,685,-0.0187640817556375
2022-11-23,AMZN,499,0.0096491481731583971
2022-11-24,AAPL,435,-0.0069891004435784915
2022-11-24,AMZN,515,0.010544009415217674
2022-11-25,AAPL,438,0.00477961466999915
2022-11-25,AMZN,714,0.00660202659591621
2022-11-26,AAPL,288,0.0028580553927594313
2022-11-26,AMZN,324,0.010011314342647086
2022-11-27,AAPL,226,0.0059687189535664415
2022-11-27,AMZN,208,0.017013902615161912
2022-11-28,AAPL,768,-0.011635974525715383
2022-11-28,AMZN,595,-0.00064644426015779324
2022-11-29,AAPL,1269,-0.01140462914306517
2022-11-29,AMZN,476,0.0083827951326589864
2022-11-30,AAPL,765,-0.012090291735885286
2022-11-30,AMZN,570,0.0047739839679060026
2022-12-01,AAPL,898,-0.013785491560538798
2022-12-01,AMZN,553,-0.0022055823278433434
2022-12-02,AAPL,446,-0.0019087467083443099
2022-12-02,AMZN,431,0.0015408312799911009
2022-12-03,AAPL,256,-0.0023219827600342471
2022-12-03,AMZN,226,-0.0045948958336288412
2022-12-04,AAPL,385,-0.014992885981518808
2022-12-04,AMZN,149,-0.0024938216216363095
2022-12-05,AAPL,602,0.00043182126467349811
2022-12-05,AMZN,302,0.010457405780390325
2022-12-06,AAPL,857,-0.0029296875754679054
2022-12-06,AMZN,353,0.012524977571735655
2022-12-07,AAPL,1101,-0.0047124060695386185
2022-12-07,AMZN,515,-0.00068145276836256588
2022-12-08,AAPL,751,0.0010396176477529781
2022-12-08,AMZN,507,0.010401142097014071
2022-12-09,AAPL,566,-0.0012397032763092719
2022-12-09,AMZN,481,0.021088787373459792
2022-12-10,AAPL,199,0.00043602737546351365
2022-12-10,AMZN,238,0.022990736205630403
2022-12-11,AAPL,211,-0.0064134070249224863
2022-12-11,AMZN,136,0.011564863032813091
2022-12-12,AAPL,502,-0.0041938919857838364
2022-12-12,AMZN,354,0.010469517225881624
2022-12-13,AAPL,509,0.0037060291521313344
2022-12-13,AMZN,370,0.0105624781919001
2022-12-14,AAPL,730,-0.0005841931171904
2022-12-14,AMZN,388,0.010085883885444066
2022-12-15,AAPL,442,0.0053132564405856571
2022-12-15,AMZN,648,-0.0046944029190109024
2022-12-16,AAPL,410,0.002380611624310212
2022-12-16,AMZN,594,0.0080469059885762834
2022-12-17,AAPL,152,0.005032517071767756
2022-12-17,AMZN,314,0.00909172648027837
2022-12-18,AAPL,150,0.004720185469908874
2022-12-18,AMZN,209,0.005410851144980528
2022-12-19,AAPL,375,0.00408220581581062
2022-12-19,AMZN,335,0.015070565433623903
2022-12-20,AAPL,566,0.0053524208298750681
2022-12-20,AMZN,723,0.0084584760505064527
2022-12-21,AAPL,494,0.010437868628605613
2022-12-21,AMZN,411,0.015847732906418995
2022-12-22,AAPL,431,-0.0020473854118701696
2022-12-22,AMZN,518,0.0043180409387121779
2022-12-23,AAPL,272,-0.0025818598151089995
2022-12-23,AMZN,288,0.0069855352064942524
2022-12-24,AAPL,125,0.00285258278987449
2022-12-24,AMZN,160,0.0057584854912259859
2022-12-25,AAPL,97,-0.010739268749807334
2022-12-25,AMZN,171,-0.0066718851305242162
2022-12-26,AAPL,253,-0.011267583946502709
2022-12-26,AMZN,190,0.010084647496997464
2022-12-27,AAPL,380,-0.00936095090052075
2022-12-27,AMZN,267,0.006805598870627083
2022-12-28,AAPL,343,-0.0113526889300975
2022-12-28,AMZN,285,0.0085881588203800558
2022-12-29,AAPL,434,-0.0015902037575582059
2022-12-29,AMZN,378,0.0063536654780291047
2022-12-30,AAPL,392,-0.0048450925038758183
2022-12-30,AMZN,249,0.0062913619227042234
2022-12-31,AAPL,221,-0.016699649925172044
2022-12-31,AMZN,147,0.0050200404799554208
